feature	metadata	value	coef	stderr	N	N.not.0	pval	qval
s__Dorea_longicatena	Age	Age	-0.000245770981939656	2.54291148164568e-05	295	105	2.58677815638463e-19	1.24941384953377e-16
s__Eubacterium_hallii	Age	Age	-0.000159228199927475	2.15874270311817e-05	295	90	1.76067172923857e-12	4.25202222611114e-10
s__Ruminococcus_obeum	Age	Age	-0.000104636026815815	1.45167112585267e-05	295	111	5.04239572547616e-12	8.11825711801663e-10
s__Eggerthella_unclassified	Age	Age	-6.78427010299291e-05	1.02289479119317e-05	295	69	1.63813318854148e-10	1.97804582516383e-08
s__Collinsella_aerofaciens	Age	Age	-0.000322287697508253	4.91663223549186e-05	295	194	2.57620368828577e-10	2.48861276288406e-08
s__Bifidobacterium_bifidum	Age	Age	-0.00044042186819024	7.24945786172162e-05	295	96	3.92389504544804e-09	3.15873551158567e-07
s__Bifidobacterium_adolescentis	Age	Age	-0.00121428726072362	0.000203915158425281	295	138	7.590304181137e-09	5.23730988498453e-07
s__Dorea_formicigenerans	Age	Age	-2.78108600884945e-05	4.83409191595707e-06	295	53	2.24476669133963e-08	1.3552778898963e-06
s__Bilophila_unclassified	Age	Age	-9.73616978802755e-05	1.74704096132501e-05	295	181	5.77170500004989e-08	3.09748168336011e-06
s__Bifidobacterium_pseudocatenulatum	Age	Age	-0.00022541022715882	4.34640775027338e-05	295	64	4.06163668939284e-07	1.96177052097674e-05
s__Faecalibacterium_prausnitzii	Age	Age	-0.000799757331546957	0.000158866940988464	295	220	8.48963930277503e-07	3.7277234393094e-05
s__Faecalibacterium_prausnitzii	Gender	Gender	-0.0242952355522225	0.00504328478668599	295	220	2.35936419586999e-06	9.49644088837672e-05
s__Acidaminococcus_unclassified	Age	Age	-0.000388488876629256	9.02636507910017e-05	295	96	2.30445635841001e-05	0.000856194170086179
s__Alistipes_shahii	Age	Age	0.000581856367993505	0.00014986110356605	295	136	0.000128283324834163	0.00442577470677864
s__Coprococcus_comes	Age	Age	-5.56000234923527e-05	1.47479194164198e-05	295	70	0.000198175362466137	0.00638124667140962
s__Megamonas_unclassified	Age	Age	-0.000179143384369686	4.88604470322468e-05	295	91	0.000293002838760757	0.00884502319509036
s__Ruminococcus_gnavus	Age	Age	-0.000311958505223759	8.66383488912534e-05	295	129	0.000373817890904554	0.0106208259592294
s__Ruminococcus_bromii	Age	Age	-0.000401901042458611	0.000116754591510163	295	136	0.000662711722656177	0.0177827645579407
s__Eubacterium_rectale	Age	Age	-0.00034938839017556	0.000112132641950622	295	143	0.00201991918613213	0.051348471942201
s__Prevotella_copri	Tgly	Tgly	0.0469203397953354	0.0151618557736872	295	93	0.00216504059877445	0.052285730460403
s__Bacteroides_dorei	Age	Age	0.000764320098444714	0.000249643277265042	295	226	0.00240978355711521	0.0554250218136499
s__Parabacteroides_johnsonii	Age	Age	-6.91367751247079e-05	2.30427260283494e-05	295	82	0.00293322000546148	0.0634455280319785
s__Roseburia_inulinivorans	Age	Age	-0.000124407542611227	4.15929462433951e-05	295	135	0.0030212156205704	0.0634455280319785
s__Alistipes_unclassified	Age	Age	0.000227305586912775	7.84676578281727e-05	295	65	0.00405999623280773	0.0817074241852556
s__Bacteroides_intestinalis	Tgly	Tgly	-0.00193767427051507	0.000690943944198329	295	59	0.00538529471451028	0.104043893884339
s__Parabacteroides_goldsteinii	FBGlu	FBGlu	0.000592378552552463	0.000212826438891454	295	60	0.0057365465287801	0.106567383592338
s__Acidaminococcus_unclassified	Gender	Gender	0.00791941212972671	0.00286545013073583	295	96	0.00608353616974483	0.108827702592102
s__Prevotella_copri	HDL	HDL	0.0877343094814357	0.0321085068036811	295	93	0.00667680138949609	0.115174823968808
s__Bacteroides_xylanisolvens	Age	Age	0.000169893930435842	6.25949557117902e-05	295	159	0.00704611253211084	0.117354219069294
s__Parabacteroides_merdae	Age	Age	0.000227375243026845	8.44899992200342e-05	295	179	0.00753833944457972	0.121367265057733
s__Alistipes_finegoldii	Gender	Gender	-0.00187242022464454	0.000703954747467454	295	68	0.00825678673962687	0.126922827180677
s__Sutterella_wadsworthensis	Tgly	Tgly	0.00706112552178091	0.00266101406868731	295	111	0.00840896577594548	0.126922827180677
s__Roseburia_intestinalis	Age	Age	-0.000101675139664193	3.86668831659252e-05	295	95	0.00901171730854152	0.131898771515926
s__Alistipes_shahii	HDL	HDL	-0.0251738604127992	0.00969475408220004	295	136	0.0098988065140297	0.13944318282748
s__Bifidobacterium_longum	Age	Age	-0.000228755998075879	8.86837971289346e-05	295	155	0.0103932807076383	0.13944318282748
s__Escherichia_coli	BMI	BMI	0.00331916680196738	0.00128664100679188	295	266	0.0103856919621788	0.13944318282748
s__Alistipes_indistinctus	Age	Age	8.92538620544023e-05	3.52054962581272e-05	295	96	0.0117685446223353	0.153627217637513
s__Alistipes_unclassified	HDL	HDL	-0.012604364660547	0.00507619807907707	295	65	0.0135982949525299	0.172841485843998
s__Bacteroides_fragilis	FBGlu	FBGlu	0.00611075563548917	0.0024938642100777	295	127	0.0148701826996548	0.179557456098332
s__Megasphaera_unclassified	Gender	Gender	0.006058867511896	0.00246579394012431	295	98	0.0145954440152378	0.179557456098332
s__Eubacterium_rectale	Gender	Gender	-0.00862201465812842	0.00355968865342187	295	143	0.0160494723698731	0.189070613528017
s__Alistipes_shahii	TCHOL	TCHOL	0.00702911767597872	0.00292621387336197	295	136	0.0169357980205267	0.19433249623437
s__Collinsella_aerofaciens	TCHOL	TCHOL	0.00229845495444076	0.000960030128923611	295	194	0.0173008226461241	0.19433249623437
s__Escherichia_unclassified	BMI	BMI	0.00158359358641459	0.000679604918624539	295	223	0.0204905384424435	0.224930228811368
s__Bacteroides_massiliensis	Age	Age	-0.000415420544605679	0.000180183787620682	295	122	0.021849542082731	0.234518418354646
s__Alistipes_indistinctus	TCHOL	TCHOL	0.00157624022624745	0.000687428619686631	295	96	0.0225740009107984	0.237027009563383
s__Alistipes_onderdonkii	Age	Age	0.000637316345018097	0.000279176642997338	295	183	0.0231709269798533	0.238118249601471
s__Oscillibacter_unclassified	Age	Age	-5.58129160374399e-05	2.45885837400815e-05	295	194	0.0239570728122312	0.241068045173076
s__Bacteroides_cellulosilyticus	Gender	Gender	0.00553218287533741	0.00245119787959141	295	112	0.0247644243165342	0.241408354481004
s__Subdoligranulum_unclassified	Gender	Gender	0.00914886472311507	0.00406007679004594	295	268	0.0249905128862323	0.241408354481004
s__Clostridium_bolteae	FBGlu	FBGlu	0.000452324701294543	0.000202603535139807	295	81	0.0263492733571858	0.249543118265113
s__Bacteroides_salyersiae	Gender	Gender	-0.00278263215541265	0.00125232173775385	295	101	0.0270644536266083	0.251387136570227
s__Alistipes_finegoldii	Age	Age	4.84571928170893e-05	2.21750589258216e-05	295	68	0.0296818026522828	0.265487234834308
s__Dorea_formicigenerans	Gender	Gender	-0.000335842063865904	0.000153459883255122	295	53	0.0294414500299002	0.265487234834308
s__Bifidobacterium_adolescentis	Gender	Gender	0.0140454103449325	0.00647335568912072	295	138	0.0308479958691295	0.270901490996174
s__Alistipes_putredinis	TCHOL	TCHOL	0.0119364842510396	0.00553699560229645	295	193	0.03193279383404	0.275420346818595
s__Alistipes_senegalensis	Age	Age	2.01939601805199e-05	9.49776420079789e-06	295	50	0.0343416691692955	0.291000459802977
s__Bacteroides_thetaiotaomicron	HDL	HDL	0.0239612965702455	0.0113216811943859	295	265	0.0351708210762156	0.29288804447952
s__Megamonas_unclassified	Gender	Gender	-0.00326905200591138	0.00155109142062665	295	91	0.0359343966255521	0.294174806273587
s__Alistipes_onderdonkii	TCHOL	TCHOL	0.0109842520227635	0.0054512515016772	295	183	0.0448372976969896	0.355023193240098
s__Veillonella_unclassified	HDL	HDL	0.00946848435009535	0.00468366249868894	295	76	0.0441457195891888	0.355023193240098
s__Alistipes_senegalensis	Tgly	Tgly	-0.000579501691904959	0.000290135924229066	295	50	0.046731533471792	0.358275089950405
s__Ruminococcus_torques	Age	Age	-0.000209777201621656	0.000104751301070043	295	224	0.0461583712478067	0.358275089950405
s__Alistipes_unclassified	TCHOL	TCHOL	0.00304173377447939	0.00153217308216217	295	65	0.048069257124795	0.362772674863687
s__Bacteroides_ovatus	BMI	BMI	-0.00224351907577747	0.00115938035168002	295	244	0.0539601383810144	0.371462826326318
s__Bilophila_unclassified	Gender	Gender	-0.00107211696952827	0.000554604063447501	295	181	0.0542047450057732	0.371462826326318
s__Coprococcus_comes	Tgly	Tgly	0.000876560218576015	0.000450516683703232	295	70	0.0526695718901786	0.371462826326318
s__Megasphaera_unclassified	Age	Age	-0.000150917803083842	7.76742057893691e-05	295	98	0.0529988136958844	0.371462826326318
s__Parabacteroides_distasonis	Age	Age	0.000214212155972653	0.000109602851373512	295	216	0.0516200711332013	0.371462826326318
s__Parabacteroides_goldsteinii	BMI	BMI	-0.000157288134979179	8.08812751871057e-05	295	60	0.0527902859663455	0.371462826326318
s__Phascolarctobacterium_succinatutens	TCHOL	TCHOL	0.00130948639198038	0.000678524578040014	295	60	0.0546042663957941	0.371462826326318
s__Alistipes_shahii	Tgly	Tgly	-0.00864505798745628	0.0045779289598989	295	136	0.0599778125121918	0.402351158935953
s__Streptococcus_salivarius	Age	Age	-0.000112388511693373	6.06264561583055e-05	295	126	0.0647956610251463	0.428716496919804
s__Alistipes_onderdonkii	Tgly	Tgly	-0.0157158356786457	0.00852823586970036	295	183	0.0663893837202935	0.431197370299177
s__Bacteroides_thetaiotaomicron	FBGlu	FBGlu	0.0029817114589378	0.00162142397500005	295	265	0.0669561134004933	0.431197370299177
s__Alistipes_onderdonkii	HDL	HDL	-0.0326968994957599	0.0180603828141467	295	183	0.0712762083962743	0.44119834214159
s__Bacteroidales_bacterium_ph8	Age	Age	0.000245670570369599	0.00013622555594115	295	144	0.0723724556688622	0.44119834214159
s__Bacteroides_plebeius	Tgly	Tgly	-0.00919301562641872	0.00509776504641785	295	63	0.0723831468560925	0.44119834214159
s__Ruminococcus_obeum	TCHOL	TCHOL	0.000509924186235669	0.000283455819218416	295	111	0.07307632996134	0.44119834214159
s__Streptococcus_parasanguinis	HDL	HDL	0.00280618445681281	0.00154868687690362	295	88	0.0710348526191715	0.44119834214159
s__Bacteroides_caccae	Age	Age	0.000360688983308709	0.000202393053751919	295	198	0.0757865950668775	0.445627162405036
s__Bacteroides_dorei	FBGlu	FBGlu	-0.00410652531276411	0.00231288167380168	295	226	0.0768747428463657	0.445627162405036
s__Bacteroides_fragilis	BMI	BMI	-0.0016817139810738	0.000947753101095879	295	127	0.077053426360131	0.445627162405036
s__Clostridium_bolteae	Gender	Gender	0.00122996023849885	0.00069421411362525	295	81	0.077500376070441	0.445627162405036
s__Alistipes_senegalensis	TCHOL	TCHOL	0.000322324212903476	0.000185454989379857	295	50	0.0832801112199481	0.467380288491103
s__Bacteroides_dorei	BMI	BMI	-0.00150442066370202	0.000878973590444635	295	226	0.0880571558026716	0.467380288491103
s__Bacteroides_plebeius	TCHOL	TCHOL	0.00565147705659106	0.00325849329088259	295	63	0.0839237596143779	0.467380288491103
s__Bifidobacterium_bifidum	Gender	Gender	0.00396610334485374	0.00230136492326598	295	96	0.0858986420185548	0.467380288491103
s__Escherichia_coli	Age	Age	0.000627099903454766	0.000365427677339697	295	266	0.0872281133728806	0.467380288491103
s__Faecalibacterium_prausnitzii	HDL	HDL	0.0176847704017672	0.0102773560852348	295	220	0.0863737937118455	0.467380288491103
s__Sutterella_wadsworthensis	HDL	HDL	0.00964990962515972	0.00563527246298023	295	111	0.0879008320750066	0.467380288491103
s__Bacteroides_uniformis	TCHOL	TCHOL	-0.00791476117987409	0.00463911090910688	295	262	0.0890723105982147	0.467629630640627
s__Alistipes_finegoldii	HDL	HDL	-0.00243086453636111	0.00143453997020237	295	68	0.0912502176237531	0.468870799066731
s__Bacteroides_ovatus	Age	Age	0.000559244364401693	0.000329283511742014	295	244	0.0905222442531326	0.468870799066731
s__Barnesiella_intestinihominis	Age	Age	0.000129026024045598	7.67690448648765e-05	295	97	0.0939084263531466	0.477450209774419
s__Sutterella_wadsworthensis	TCHOL	TCHOL	-0.00285010619665539	0.00170092117051466	295	111	0.0949007121580505	0.477469208045192
s__Roseburia_hominis	TCHOL	TCHOL	0.00074625490438015	0.000446790874024025	295	91	0.095959006587583	0.477816496719614
s__Parabacteroides_goldsteinii	HDL	HDL	-0.00245988592990352	0.00148607219827586	295	60	0.0989579691069891	0.48772141917016
s__Escherichia_unclassified	Gender	Gender	0.0100702786606627	0.00612746052085554	295	223	0.101381376560228	0.491001745777421
s__Eubacterium_hallii	Gender	Gender	0.00112301355935125	0.000685300174175052	295	90	0.102367795185827	0.491001745777421
s__Roseburia_inulinivorans	FBGlu	FBGlu	-0.000630912944879805	0.000385348102218805	295	135	0.102673242905837	0.491001745777421
s__Akkermansia_muciniphila	HDL	HDL	-0.0182437645964801	0.0111941558518976	295	81	0.104249667043021	0.49365283511548
s__Bifidobacterium_pseudocatenulatum	Tgly	Tgly	-0.00214937929904704	0.00132773250950577	295	64	0.10658121643549	0.499793471246037
s__Alistipes_putredinis	BMI	BMI	0.00158807746244128	0.000998419354300372	295	193	0.112802383154403	0.523880298688236
s__Escherichia_unclassified	Age	Age	0.000303480938776116	0.000193019222619702	295	223	0.116986559174842	0.538138172204274
s__Alistipes_finegoldii	Tgly	Tgly	-0.00103992036450312	0.000677399552174263	295	68	0.12584484330322	0.553862126765708
s__Bacteroidales_bacterium_ph8	FBGlu	FBGlu	-0.00194184168981888	0.00126209523962155	295	144	0.125007227258729	0.553862126765708
s__Bacteroides_cellulosilyticus	TCHOL	TCHOL	-0.00233537400588799	0.0015077021400529	295	112	0.122492717175999	0.553862126765708
s__Bacteroides_vulgatus	FBGlu	FBGlu	0.00259785904635449	0.00169869558087668	295	215	0.127285085033113	0.553862126765708
s__Bifidobacterium_pseudocatenulatum	TCHOL	TCHOL	0.00130351327577936	0.000848687107961432	295	64	0.125660314803435	0.553862126765708
s__Odoribacter_splanchnicus	Gender	Gender	-0.00158823953850677	0.00103581805596342	295	109	0.126298839251649	0.553862126765708
s__Eubacterium_rectale	BMI	BMI	0.000601555596669229	0.00039480987423803	295	143	0.128695032218124	0.55499732644066
s__Bacteroides_massiliensis	Tgly	Tgly	0.00829426448544699	0.00550422064047752	295	122	0.132938297786647	0.568222989654428
s__Alistipes_putredinis	Tgly	Tgly	-0.0127784569661955	0.00866237862834786	295	193	0.141263761207025	0.5704202191475
s__Bacteroidales_bacterium_ph8	TCHOL	TCHOL	-0.00394127566624456	0.00265996380792531	295	144	0.139516491273455	0.5704202191475
s__Bifidobacterium_adolescentis	FBGlu	FBGlu	0.00278371900818678	0.0018892222458347	295	138	0.141719309104969	0.5704202191475
s__Bifidobacterium_bifidum	TCHOL	TCHOL	0.00208884153450144	0.0014155417025855	295	96	0.141134602647018	0.5704202191475
s__Clostridium_bolteae	HDL	HDL	-0.00209087265228945	0.00141469021617767	295	81	0.140511820198214	0.5704202191475
s__Ruminococcus_bromii	FBGlu	FBGlu	-0.00159583214402492	0.00108170169048599	295	136	0.141228679993646	0.5704202191475
s__Sutterella_wadsworthensis	Gender	Gender	-0.00408426751340181	0.00276533027032208	295	111	0.140784209630482	0.5704202191475
s__Parabacteroides_goldsteinii	Age	Age	3.36362035921672e-05	2.29716419544196e-05	295	60	0.144220392646665	0.575689666515201
s__Alistipes_finegoldii	TCHOL	TCHOL	0.000630999118574418	0.000432994042665374	295	68	0.146128827435924	0.578526423373372
s__Alistipes_unclassified	BMI	BMI	-0.000397766589373911	0.000276278214621356	295	65	0.151033079705016	0.583215986515127
s__Bacteroides_caccae	Tgly	Tgly	-0.00887717851011033	0.0061826651479643	295	198	0.152143300830033	0.583215986515127
s__Bacteroides_fragilis	Age	Age	0.000388549295810969	0.000269177814632629	295	127	0.149979579181628	0.583215986515127
s__Phascolarctobacterium_succinatutens	Gender	Gender	0.00159393634713151	0.00110313434116634	295	60	0.149572424196998	0.583215986515127
s__Bacteroides_ovatus	FBGlu	FBGlu	-0.00435704235397949	0.00305072825568058	295	244	0.154322326924137	0.58691089688471
s__Bacteroides_stercoris	TCHOL	TCHOL	-0.00957718734279377	0.00678256441487072	295	161	0.159024318743372	0.595654634333149
s__Bacteroides_thetaiotaomicron	TCHOL	TCHOL	-0.00479608471580748	0.00341727704487326	295	265	0.161554362520999	0.595654634333149
s__Eubacterium_eligens	TCHOL	TCHOL	-0.00106030429847208	0.000752523575881549	295	114	0.159918244512118	0.595654634333149
s__Ruminococcus_bromii	TCHOL	TCHOL	-0.0032041278571494	0.00227977038288105	295	136	0.160965870299202	0.595654634333149
s__Eubacterium_hallii	BMI	BMI	-0.000106212883535998	7.60075674936526e-05	295	90	0.163372991236792	0.597796627025534
s__Bacteroides_eggerthii	Gender	Gender	0.0100526341848253	0.00723850011724851	295	130	0.165978530544041	0.598265897408744
s__Phascolarctobacterium_succinatutens	HDL	HDL	-0.00312859277335088	0.00224800004630857	295	60	0.165084029026027	0.598265897408744
s__Alistipes_unclassified	Tgly	Tgly	-0.00325686431403583	0.00239701533379344	295	65	0.175303326440117	0.602713985927889
s__Bacteroides_dorei	Gender	Gender	0.0107517406715115	0.00792501029160396	295	226	0.175947561109384	0.602713985927889
s__Barnesiella_intestinihominis	FBGlu	FBGlu	-0.000969547748635284	0.00071124573803252	295	97	0.173897881329123	0.602713985927889
s__Bifidobacterium_longum	FBGlu	FBGlu	0.00112443160858789	0.000821632897107386	295	155	0.172215638130251	0.602713985927889
s__Escherichia_coli	Gender	Gender	0.0159496786363203	0.0116006252420704	295	266	0.170235417270002	0.602713985927889
s__Klebsiella_pneumoniae	BMI	BMI	0.000491103371267526	0.000361560466065282	295	160	0.175438939965904	0.602713985927889
s__Parabacteroides_merdae	Gender	Gender	0.00368273977626361	0.00268216360837747	295	179	0.170809177803535	0.602713985927889
s__Eubacterium_hallii	TCHOL	TCHOL	0.000563632055104872	0.000421519840476763	295	90	0.182234979889812	0.619855600611121
s__Bacteroides_caccae	HDL	HDL	-0.0174551578784427	0.0130931298207447	295	198	0.183538529171214	0.61992384328459
s__Bacteroides_salyersiae	BMI	BMI	-0.000183694188530091	0.000138896694606384	295	101	0.187046683989486	0.627385752548066
s__Clostridium_bolteae	TCHOL	TCHOL	0.00055979710077504	0.000427002696715038	295	81	0.190908460941958	0.633362443621453
s__Eggerthella_unclassified	Tgly	Tgly	-0.000409146200134429	0.00031247198746732	295	69	0.191451173434228	0.633362443621453
s__Bacteroides_massiliensis	HDL	HDL	0.0150392364599105	0.0116563769318032	295	122	0.198014444658069	0.64892335157602
s__Klebsiella_pneumoniae	Age	Age	0.000132246483479839	0.000102689251030118	295	160	0.198841937957041	0.64892335157602
s__Clostridium_bolteae	Age	Age	2.77573081060327e-05	2.18682222574096e-05	295	81	0.205362853954932	0.656889128875708
s__Dorea_formicigenerans	Tgly	Tgly	0.000187950317272768	0.000147670935621526	295	53	0.20413171697658	0.656889128875708
s__Sutterella_wadsworthensis	Age	Age	-0.000111002731888797	8.71098062970098e-05	295	111	0.203593215445753	0.656889128875708
s__Bifidobacterium_pseudocatenulatum	BMI	BMI	0.000193422002739334	0.000153033467099462	295	64	0.207284473789057	0.658673689737596
s__Phascolarctobacterium_succinatutens	BMI	BMI	0.000153890469816443	0.00012235011904338	295	60	0.20949097876853	0.661334266308497
s__Phascolarctobacterium_succinatutens	Age	Age	-4.35113092170734e-05	3.47494907967674e-05	295	60	0.211537436629538	0.66345832397446
s__Eubacterium_eligens	Age	Age	-4.75533741597379e-05	3.85392245480373e-05	295	114	0.218251334608746	0.665323713260506
s__Megamonas_unclassified	BMI	BMI	0.000212145461509036	0.000172033643481886	295	91	0.218524153634889	0.665323713260506
s__Odoribacter_splanchnicus	BMI	BMI	-0.00014293128138624	0.00011488397897251	295	109	0.214464683825118	0.665323713260506
s__Ruminococcus_bromii	Gender	Gender	0.00456568487124875	0.0037064140058044	295	136	0.21901960747085	0.665323713260506
s__Sutterella_wadsworthensis	FBGlu	FBGlu	-0.000996326010079781	0.000807050271090881	295	111	0.218016114212306	0.665323713260506
s__Bacteroides_fragilis	Tgly	Tgly	0.0100940462877693	0.00822279353111725	295	127	0.220614709417048	0.665980654052714
s__Bifidobacterium_adolescentis	BMI	BMI	-0.000867026616648898	0.000717968618705737	295	138	0.228191252692814	0.684573758078441
s__Bacteroidales_bacterium_ph8	Gender	Gender	-0.00515726606854098	0.00432452635873267	295	144	0.234025973567337	0.691768632879882
s__Dorea_formicigenerans	FBGlu	FBGlu	5.29868323538632e-05	4.47866360527691e-05	295	53	0.237750710265135	0.691768632879882
s__Eubacterium_rectale	Tgly	Tgly	-0.00406699039699017	0.00342540697165945	295	143	0.236090521628106	0.691768632879882
s__Parabacteroides_unclassified	FBGlu	FBGlu	0.00166975816620207	0.00139486073735153	295	194	0.232263689808519	0.691768632879882
s__Streptococcus_salivarius	Gender	Gender	-0.00228195298390732	0.00192460736079805	295	126	0.23673259988826	0.691768632879882
s__Alistipes_onderdonkii	FBGlu	FBGlu	0.00293449812280318	0.00258650081995393	295	183	0.257513258725464	0.694096088828688
s__Bacteroides_clarus	HDL	HDL	0.00541993131300908	0.00469147955593584	295	86	0.248940287166441	0.694096088828688
s__Collinsella_aerofaciens	Gender	Gender	0.00176670874112719	0.0015608015362231	295	194	0.258611235780004	0.694096088828688
s__Coprococcus_comes	Gender	Gender	-0.000549548118003727	0.00046817769112519	295	70	0.241447305919803	0.694096088828688
s__Eggerthella_unclassified	Gender	Gender	-0.0003664056217681	0.000324721411938022	295	69	0.26010640181779	0.694096088828688
s__Escherichia_coli	FBGlu	FBGlu	0.00388043985751058	0.00338559478660254	295	266	0.252682885892104	0.694096088828688
s__Escherichia_unclassified	Tgly	Tgly	-0.00682664630990177	0.0058963151079323	295	223	0.247915686868634	0.694096088828688
s__Parabacteroides_distasonis	Gender	Gender	0.00398026913735466	0.00347937959571824	295	216	0.253593676741651	0.694096088828688
s__Prevotella_copri	TCHOL	TCHOL	-0.0110687429263541	0.00969146378187938	295	93	0.254359164841002	0.694096088828688
s__Roseburia_intestinalis	TCHOL	TCHOL	-0.000868223330755889	0.000755016260172727	295	95	0.251125927146908	0.694096088828688
s__Roseburia_inulinivorans	Tgly	Tgly	0.00146029570896151	0.00127057354179455	295	135	0.251380897722029	0.694096088828688
s__Ruminococcus_bromii	BMI	BMI	-0.000479451292441687	0.000411083381154425	295	136	0.244456760680158	0.694096088828688
s__Streptococcus_salivarius	TCHOL	TCHOL	0.00133751778917205	0.00118380268716635	295	126	0.259483425870998	0.694096088828688
s__Subdoligranulum_unclassified	Tgly	Tgly	-0.00447267130352336	0.00390691903032786	295	268	0.253242593065449	0.694096088828688
s__Veillonella_unclassified	TCHOL	TCHOL	-0.00165233233912097	0.00141369219534639	295	76	0.243451572152165	0.694096088828688
s__Bacteroides_ovatus	TCHOL	TCHOL	-0.00723035563714261	0.00642964690236752	295	244	0.261726242829786	0.694581182894431
s__Alistipes_putredinis	Gender	Gender	-0.0100856642698542	0.00900195835709289	295	193	0.263486154221653	0.695430669339116
s__Bifidobacterium_longum	Gender	Gender	0.00314385040027984	0.00281529714176582	295	155	0.265055405312897	0.695770438946354
s__Bacteroides_plebeius	HDL	HDL	-0.0119082550722077	0.0107956193568691	295	63	0.27092359734601	0.703527406011412
s__Parabacteroides_unclassified	Gender	Gender	-0.00527308587945241	0.00477944281546201	295	194	0.270827798286506	0.703527406011412
s__Acidaminococcus_unclassified	TCHOL	TCHOL	-0.00193543626032052	0.00176250368454358	295	96	0.273073555085565	0.705318326771806
s__Bacteroides_cellulosilyticus	Age	Age	8.41466437138267e-05	7.72144198392546e-05	295	112	0.276724721373917	0.710947023529798
s__Streptococcus_parasanguinis	Gender	Gender	-0.000824054141107923	0.000759968702149898	295	88	0.279130133273699	0.713332562810563
s__Bacteroidales_bacterium_ph8	Tgly	Tgly	0.00447650306735882	0.00416139280161151	295	144	0.282954932153731	0.719301222264484
s__Bacteroides_uniformis	FBGlu	FBGlu	-0.00234860947959865	0.00220115769132471	295	262	0.286873833742602	0.725445349202495
s__Bacteroides_intestinalis	TCHOL	TCHOL	0.000466239105031644	0.000441651623024146	295	59	0.29200608335164	0.734577803431469
s__Bacteroides_cellulosilyticus	BMI	BMI	-0.000284862001031452	0.000271865666016527	295	112	0.295610394351095	0.73868950986212
s__Bacteroides_fragilis	TCHOL	TCHOL	-0.00544848416577741	0.00525601264661778	295	127	0.300785919707871	0.73868950986212
s__Bacteroides_plebeius	FBGlu	FBGlu	-0.00160579317063281	0.0015460845213414	295	63	0.299856063740741	0.73868950986212
s__Klebsiella_pneumoniae	TCHOL	TCHOL	-0.00207639504601326	0.00200512810768834	295	160	0.301287439840244	0.73868950986212
s__Parabacteroides_distasonis	Tgly	Tgly	0.00349342068147662	0.00334812740231257	295	216	0.29764327423729	0.73868950986212
s__Bacteroides_massiliensis	TCHOL	TCHOL	-0.00356989566188774	0.00351829985596071	295	122	0.311120174357693	0.751355221073828
s__Bacteroides_stercoris	FBGlu	FBGlu	-0.00327970578971616	0.00321817997482888	295	161	0.309005160002827	0.751355221073828
s__Streptococcus_parasanguinis	TCHOL	TCHOL	0.000475066062959639	0.000467447548051739	295	88	0.310343420514521	0.751355221073828
s__Bacteroides_clarus	Age	Age	7.30166400898355e-05	7.25206949705896e-05	295	86	0.314860414341807	0.756604876254192
s__Alistipes_finegoldii	FBGlu	FBGlu	0.000191651589947562	0.000205446299082804	295	68	0.351678996143916	0.765882024058202
s__Alistipes_onderdonkii	BMI	BMI	0.000908149251931205	0.000982958159146119	295	183	0.35631755769195	0.765882024058202
s__Alistipes_senegalensis	HDL	HDL	-0.000584727387603214	0.000614425531818374	295	50	0.34206756770007	0.765882024058202
s__Alistipes_shahii	Gender	Gender	-0.00424422147541073	0.00475739143101845	295	136	0.373069513018763	0.765882024058202
s__Alistipes_unclassified	FBGlu	FBGlu	-0.000720415727475131	0.000726982956501731	295	65	0.322536687249654	0.765882024058202
s__Bacteroides_cellulosilyticus	Tgly	Tgly	-0.00227113183565002	0.00235873165412879	295	112	0.336427596693914	0.765882024058202
s__Bacteroides_finegoldii	Age	Age	5.77506060808725e-05	5.94988771970669e-05	295	80	0.332556450242569	0.765882024058202
s__Bacteroides_ovatus	Gender	Gender	-0.00966055178600533	0.0104532164775277	295	244	0.35617403152622	0.765882024058202
s__Bacteroides_ovatus	Tgly	Tgly	0.00947140416990338	0.0100588911235168	295	244	0.347191774212281	0.765882024058202
s__Bacteroides_plebeius	Age	Age	0.000147534292580866	0.000166878232988894	295	63	0.377391142289549	0.765882024058202
s__Bacteroides_salyersiae	HDL	HDL	-0.00233595169191368	0.00255201857054631	295	101	0.360784252311502	0.765882024058202
s__Bacteroides_uniformis	HDL	HDL	0.01430302482798	0.0153697034359864	295	262	0.352843329683208	0.765882024058202
s__Bacteroides_vulgatus	TCHOL	TCHOL	-0.00349124962818256	0.00358013295983079	295	215	0.330295582167854	0.765882024058202
s__Bacteroides_xylanisolvens	TCHOL	TCHOL	0.0011462432498628	0.00122223995051251	295	159	0.349124534538282	0.765882024058202
s__Collinsella_aerofaciens	FBGlu	FBGlu	-0.000412366726341993	0.000455513511874733	295	194	0.366077030827769	0.765882024058202
s__Collinsella_aerofaciens	BMI	BMI	-0.000153560622691878	0.000173110605511638	295	194	0.375785823294566	0.765882024058202
s__Dorea_formicigenerans	TCHOL	TCHOL	-9.18419173047221e-05	9.43913163120809e-05	295	53	0.33137702512649	0.765882024058202
s__Eggerthella_unclassified	FBGlu	FBGlu	-8.60110680981348e-05	9.47686091408788e-05	295	69	0.364856154897866	0.765882024058202
s__Eggerthella_unclassified	TCHOL	TCHOL	-0.000192403784981056	0.000199732209209304	295	69	0.336203543132957	0.765882024058202
s__Eggerthella_unclassified	BMI	BMI	-3.24575468778168e-05	3.60152901817428e-05	295	69	0.368229256645077	0.765882024058202
s__Eubacterium_rectale	TCHOL	TCHOL	0.00198276387887779	0.0021895213949764	295	143	0.365923328778668	0.765882024058202
s__Eubacterium_rectale	HDL	HDL	-0.00684504796779762	0.00725403965692497	295	143	0.346158162909335	0.765882024058202
s__Klebsiella_pneumoniae	FBGlu	FBGlu	-0.000913353381244832	0.000951389876811388	295	160	0.337853184786497	0.765882024058202
s__Oscillibacter_unclassified	FBGlu	FBGlu	-0.000217248183411223	0.000227806994605323	295	194	0.341063241139023	0.765882024058202
s__Parabacteroides_distasonis	FBGlu	FBGlu	0.000913134622214867	0.00101544263124326	295	216	0.36927449937134	0.765882024058202
s__Parabacteroides_johnsonii	TCHOL	TCHOL	-0.000441078596508194	0.000449936260842473	295	82	0.327757022638893	0.765882024058202
s__Parabacteroides_merdae	HDL	HDL	-0.00485947198633511	0.00546579295996235	295	179	0.374710084869646	0.765882024058202
s__Parabacteroides_unclassified	BMI	BMI	-0.000478706857913609	0.000530094455054797	295	194	0.367251607093963	0.765882024058202
s__Prevotella_copri	Age	Age	0.000460113099753511	0.000496331956711761	295	93	0.354691453559445	0.765882024058202
s__Prevotella_copri	FBGlu	FBGlu	0.00439928458273172	0.0045983897478721	295	93	0.339523309634159	0.765882024058202
s__Roseburia_intestinalis	BMI	BMI	-0.000123946382493627	0.000136142937634859	295	95	0.363368400636179	0.765882024058202
s__Roseburia_inulinivorans	Gender	Gender	-0.00124723878920101	0.00132038214947435	295	135	0.345655415533241	0.765882024058202
s__Roseburia_inulinivorans	HDL	HDL	0.00239688011325504	0.00269071410652037	295	135	0.373784220737509	0.765882024058202
s__Ruminococcus_bromii	Tgly	Tgly	0.00334297106824052	0.00356659742225887	295	136	0.349392429763614	0.765882024058202
s__Ruminococcus_torques	Gender	Gender	-0.00309361117359735	0.00332536549004536	295	224	0.352993936935304	0.765882024058202
s__Streptococcus_salivarius	FBGlu	FBGlu	-0.000514563929099884	0.000561688746167255	295	126	0.360382742705976	0.765882024058202
s__Subdoligranulum_unclassified	Age	Age	-0.000113369254562377	0.000127895212563776	295	268	0.376131791383521	0.765882024058202
s__Acidaminococcus_unclassified	BMI	BMI	-0.000278300852958689	0.000317810942443983	295	96	0.381936020634715	0.768051815264007
s__Alistipes_finegoldii	BMI	BMI	6.79494204370119e-05	7.80765714017492e-05	295	68	0.384868134913727	0.768051815264007
s__Bacteroides_cellulosilyticus	HDL	HDL	-0.00436064161593335	0.00499512411245119	295	112	0.383403976826272	0.768051815264007
s__Bacteroides_eggerthii	BMI	BMI	0.000703091471040491	0.000802831820197437	295	130	0.381890527553319	0.768051815264007
s__Megasphaera_unclassified	HDL	HDL	-0.00435890508655929	0.00502486839973282	295	98	0.386411161716674	0.768051815264007
s__Klebsiella_pneumoniae	HDL	HDL	0.00572883363910516	0.00664313161942998	295	160	0.389204254696799	0.770433012371122
s__Bacteroides_vulgatus	HDL	HDL	-0.0101804179613499	0.0118612343899734	295	215	0.391446752392705	0.770977843050228
s__Barnesiella_intestinihominis	TCHOL	TCHOL	0.00127892923268415	0.00149900567113694	295	97	0.394268172325893	0.770977843050228
s__Megasphaera_unclassified	FBGlu	FBGlu	-0.000615974037243214	0.000719631824519751	295	98	0.392735512431651	0.770977843050228
s__Bifidobacterium_adolescentis	Tgly	Tgly	-0.00524657112342235	0.00622916211681324	295	138	0.400344013458683	0.772310140884913
s__Megasphaera_unclassified	Tgly	Tgly	0.00199584464794419	0.00237277710932895	295	98	0.400968147741852	0.772310140884913
s__Prevotella_copri	Gender	Gender	-0.0132426795628936	0.0157562258759188	295	93	0.40134298111483	0.772310140884913
s__Streptococcus_parasanguinis	FBGlu	FBGlu	-0.000186410638008886	0.000221793741482902	295	88	0.401345435532325	0.772310140884913
s__Bacteroidales_bacterium_ph8	BMI	BMI	-0.000401040287039424	0.000479639056688013	295	144	0.403777734562927	0.773907324578944
s__Clostridium_bolteae	Tgly	Tgly	-0.000555611237809708	0.000668026363022062	295	81	0.406258179180277	0.775583796616892
s__Bacteroides_xylanisolvens	BMI	BMI	-0.000179606149303576	0.000220391726821075	295	159	0.41578208609636	0.787540186606046
s__Bifidobacterium_bifidum	Tgly	Tgly	-0.00180992626550024	0.00221455082733426	295	96	0.414441683363426	0.787540186606046
s__Alistipes_unclassified	Gender	Gender	-0.00201848300386804	0.00249098234352256	295	65	0.418429928121177	0.789459590947376
s__Acidaminococcus_unclassified	FBGlu	FBGlu	-0.000666419276200586	0.000836269840758804	295	96	0.426170738032463	0.792248261676159
s__Megasphaera_unclassified	BMI	BMI	-0.000217797806097252	0.000273484534795352	295	98	0.426469043552384	0.792248261676159
s__Parabacteroides_goldsteinii	Tgly	Tgly	-0.000559411401028081	0.000701733421529332	295	60	0.426002571908731	0.792248261676159
s__Subdoligranulum_unclassified	BMI	BMI	0.000359175789777873	0.000450308598010077	295	268	0.425749631814777	0.792248261676159
s__Bacteroides_caccae	TCHOL	TCHOL	0.00308466929326087	0.00395196183444582	295	198	0.435715639114745	0.796885307861293
s__Bacteroides_finegoldii	FBGlu	FBGlu	-0.000416808567155314	0.000551242012957435	295	80	0.450193670029655	0.796885307861293
s__Bacteroides_uniformis	Gender	Gender	0.00591450357581892	0.00754219187033402	295	262	0.433575983696836	0.796885307861293
s__Bacteroides_xylanisolvens	HDL	HDL	-0.00313065494802009	0.00404936763424105	295	159	0.440086492167375	0.796885307861293
s__Barnesiella_intestinihominis	Gender	Gender	-0.00182313533820032	0.00243705930035852	295	97	0.455019510650707	0.796885307861293
s__Bifidobacterium_longum	HDL	HDL	0.00439486373827096	0.00573709644318616	295	155	0.4442801670679	0.796885307861293
s__Escherichia_unclassified	HDL	HDL	-0.00934212489403989	0.0124867217170244	295	223	0.454973429084753	0.796885307861293
s__Eubacterium_eligens	BMI	BMI	-0.000105019463061483	0.00013569346206738	295	114	0.439599556412162	0.796885307861293
s__Oscillibacter_unclassified	HDL	HDL	-0.00118905781309629	0.0015906747442615	295	194	0.455363033063596	0.796885307861293
s__Parabacteroides_johnsonii	Gender	Gender	-0.000575595917387261	0.000731499133170735	295	82	0.43200628974698	0.796885307861293
s__Parabacteroides_merdae	BMI	BMI	-0.000227057372647928	0.000297482386806886	295	179	0.445933354232086	0.796885307861293
s__Phascolarctobacterium_succinatutens	Tgly	Tgly	0.000804347518534226	0.0010615209448938	295	60	0.449233626605442	0.796885307861293
s__Roseburia_intestinalis	HDL	HDL	0.00188784953783692	0.00250142241381257	295	95	0.451041594007709	0.796885307861293
s__Ruminococcus_obeum	Gender	Gender	0.000349730243994071	0.000460837909934684	295	111	0.448534725133497	0.796885307861293
s__Streptococcus_parasanguinis	Age	Age	-1.81939653917633e-05	2.39395370406722e-05	295	88	0.44788049530784	0.796885307861293
s__Subdoligranulum_unclassified	FBGlu	FBGlu	0.000891919698869244	0.00118491672015536	295	268	0.452230486526787	0.796885307861293
s__Megamonas_unclassified	HDL	HDL	0.00234451682967498	0.00316086033702013	295	91	0.458855196576404	0.798464505377142
s__Parabacteroides_johnsonii	HDL	HDL	0.00110150521028829	0.00149067074052273	295	82	0.460551805653288	0.798464505377142
s__Roseburia_hominis	HDL	HDL	-0.0010921624015488	0.00148024985093027	295	91	0.461224838509778	0.798464505377142
s__Escherichia_unclassified	FBGlu	FBGlu	0.00131410983936355	0.00178827416295528	295	223	0.463032030735582	0.79873025301888
s__Bacteroides_dorei	HDL	HDL	-0.0117393220210257	0.016149822227169	295	226	0.467879080255289	0.804219202004643
s__Acidaminococcus_unclassified	Tgly	Tgly	0.00197793623310639	0.00275735712035648	295	96	0.473753633856828	0.806583780703945
s__Alistipes_shahii	BMI	BMI	0.00037046815513268	0.000527648706236128	295	136	0.483178722569704	0.806583780703945
s__Bacteroides_intestinalis	HDL	HDL	-0.00102770280071313	0.00146322314790487	295	59	0.483026740467735	0.806583780703945
s__Bacteroides_vulgatus	Gender	Gender	0.00415722978682407	0.00582052255990341	295	215	0.47566142034807	0.806583780703945
s__Bilophila_unclassified	FBGlu	FBGlu	-0.000114063631849379	0.000161858915933856	295	181	0.481562058965308	0.806583780703945
s__Escherichia_coli	HDL	HDL	-0.0165560345559685	0.0236400999481262	295	266	0.484284257565515	0.806583780703945
s__Roseburia_intestinalis	Tgly	Tgly	0.000830740194905449	0.0011811887142303	295	95	0.482433586685354	0.806583780703945
s__Veillonella_unclassified	Age	Age	5.14206152913343e-05	7.23998592262553e-05	295	76	0.478137669570539	0.806583780703945
s__Veillonella_unclassified	Tgly	Tgly	0.00157725386474874	0.00221165735709665	295	76	0.476329486183456	0.806583780703945
s__Parabacteroides_johnsonii	FBGlu	FBGlu	-0.000147451273464344	0.000213485014815039	295	82	0.490320623372259	0.813831137762203
s__Alistipes_shahii	FBGlu	FBGlu	-0.000932445119110177	0.00138842513145516	295	136	0.502388303238462	0.815906906781609
s__Bacteroides_fragilis	HDL	HDL	0.0117255747974296	0.0174135426414847	295	127	0.501260464936626	0.815906906781609
s__Escherichia_coli	Tgly	Tgly	-0.00749777145728314	0.0111630163333521	295	266	0.50233931068795	0.815906906781609
s__Eubacterium_hallii	HDL	HDL	-0.000951213118695699	0.00139652512462984	295	90	0.496339353148557	0.815906906781609
s__Megamonas_unclassified	FBGlu	FBGlu	-0.000306885168910685	0.000452679654556298	295	91	0.498362184795159	0.815906906781609
s__Parabacteroides_unclassified	HDL	HDL	-0.00659801246387527	0.00973969105079979	295	194	0.498675393870691	0.815906906781609
s__Sutterella_wadsworthensis	BMI	BMI	-0.000205493615168425	0.000306706513560664	295	111	0.503395979753456	0.815906906781609
s__Bifidobacterium_bifidum	BMI	BMI	-0.000167996938788807	0.000255247490551464	295	96	0.510954738233646	0.825388423300506
s__Roseburia_hominis	Age	Age	-1.49939972964966e-05	2.28816403524029e-05	295	91	0.512809117552617	0.825622679259713
s__Roseburia_inulinivorans	TCHOL	TCHOL	-0.000528083877384076	0.000812151074796929	295	135	0.516064698998709	0.828103819323511
s__Oscillibacter_unclassified	Gender	Gender	0.000499349331733132	0.000780572909196458	295	194	0.522863942037155	0.830871108486819
s__Roseburia_hominis	Tgly	Tgly	-0.000447062625890686	0.000698984069425916	295	91	0.522949931635596	0.830871108486819
s__Ruminococcus_bromii	HDL	HDL	0.00486937848485538	0.00755304095408504	295	136	0.519642329687708	0.830871108486819
s__Bacteroides_thetaiotaomicron	Tgly	Tgly	0.00336101481069811	0.00534617503188491	295	265	0.530060854926659	0.831438061156406
s__Bacteroides_xylanisolvens	FBGlu	FBGlu	-0.000360607096808288	0.000579926395472378	295	159	0.534556965266976	0.831438061156406
s__Bilophila_unclassified	Tgly	Tgly	-0.00033773796575005	0.000533682804988446	295	181	0.527339411781492	0.831438061156406
s__Faecalibacterium_prausnitzii	BMI	BMI	0.000347136209564113	0.000559357524277865	295	220	0.535356598384352	0.831438061156406
s__Klebsiella_pneumoniae	Tgly	Tgly	0.00197114407629193	0.00313693203222615	295	160	0.530263378325493	0.831438061156406
s__Odoribacter_splanchnicus	Age	Age	-2.03935648444796e-05	3.26289814935595e-05	295	109	0.53245858279337	0.831438061156406
s__Parabacteroides_distasonis	TCHOL	TCHOL	0.00134459519925953	0.00214012426585291	295	216	0.530320809514896	0.831438061156406
s__Ruminococcus_torques	BMI	BMI	-0.000225382554256985	0.000368820775844606	295	224	0.541623920151327	0.838475491772728
s__Bifidobacterium_bifidum	HDL	HDL	-0.00277639411216501	0.00468979004733452	295	96	0.554311174634354	0.839657681109811
s__Bifidobacterium_longum	BMI	BMI	-0.000186823153527617	0.000312248406729272	295	155	0.550101117506067	0.839657681109811
s__Megasphaera_unclassified	TCHOL	TCHOL	0.000918702940205268	0.00151668000017795	295	98	0.545170872984293	0.839657681109811
s__Oscillibacter_unclassified	BMI	BMI	-5.14952242906678e-05	8.65743951559415e-05	295	194	0.552439837395828	0.839657681109811
s__Parabacteroides_unclassified	Tgly	Tgly	0.00274073002196354	0.00459914850277524	295	194	0.551697551702977	0.839657681109811
s__Roseburia_inulinivorans	BMI	BMI	-8.66431319466608e-05	0.000146445366753912	295	135	0.55455652230648	0.839657681109811
s__Streptococcus_parasanguinis	BMI	BMI	5.09423560405194e-05	8.42891547361069e-05	295	88	0.546071049830322	0.839657681109811
s__Dorea_longicatena	FBGlu	FBGlu	-0.000137562677848073	0.000235594301934834	295	105	0.559748599156686	0.844870541852124
s__Bacteroides_eggerthii	FBGlu	FBGlu	-0.00121318812331209	0.00211252650166679	295	130	0.566226114606015	0.851985088332415
s__Parabacteroides_goldsteinii	TCHOL	TCHOL	0.000255417555044452	0.000448548260898799	295	60	0.569508674141802	0.854263011212703
s__Bacteroides_clarus	Tgly	Tgly	0.00123713412386817	0.00221534862481199	295	86	0.576980959233183	0.862791960710921
s__Ruminococcus_gnavus	HDL	HDL	0.00310281981060976	0.00560477313059659	295	129	0.580281523564091	0.865049308276099
s__Bacteroides_stercoris	Gender	Gender	0.00587056863627516	0.0110269840907302	295	161	0.594873312959542	0.884073262029104
s__Akkermansia_muciniphila	FBGlu	FBGlu	0.000753094674502138	0.00160316055244111	295	81	0.638885897483854	0.886472860354298
s__Akkermansia_muciniphila	Tgly	Tgly	-0.0025539929097317	0.00528595669591184	295	81	0.62934647125731	0.886472860354298
s__Alistipes_indistinctus	Gender	Gender	0.000525438634382779	0.00111761038880478	295	96	0.638608671270154	0.886472860354298
s__Alistipes_putredinis	FBGlu	FBGlu	0.00137135929883445	0.00262718453936949	295	193	0.602081179536869	0.886472860354298
s__Alistipes_senegalensis	FBGlu	FBGlu	-4.30539613306442e-05	8.79943774283691e-05	295	50	0.625016619399944	0.886472860354298
s__Bacteroides_dorei	Tgly	Tgly	0.0039765633802285	0.0076260561375888	295	226	0.602459449665285	0.886472860354298
s__Bacteroides_eggerthii	Age	Age	0.000107300859874216	0.000228017734395595	295	130	0.638297263833192	0.886472860354298
s__Bacteroides_eggerthii	Tgly	Tgly	-0.00343084227854054	0.00696544309911652	295	130	0.622705827598767	0.886472860354298
s__Bacteroides_eggerthii	TCHOL	TCHOL	0.00224384784945856	0.00445231378845999	295	130	0.614666692305384	0.886472860354298
s__Bacteroides_finegoldii	Gender	Gender	0.000898362214646392	0.00188881198521129	295	80	0.634704871372752	0.886472860354298
s__Bacteroides_fragilis	Gender	Gender	-0.0040268357099527	0.00854514078891147	295	127	0.63782539220826	0.886472860354298
s__Bacteroides_massiliensis	BMI	BMI	0.000308095188959105	0.000634412400285542	295	122	0.627593916134563	0.886472860354298
s__Bacteroides_xylanisolvens	Tgly	Tgly	-0.000945984190846898	0.00191213899856474	295	159	0.621172298687432	0.886472860354298
s__Bifidobacterium_longum	Tgly	Tgly	-0.00129724392540387	0.00270909604620262	295	155	0.632411718686031	0.886472860354298
s__Clostridium_bolteae	BMI	BMI	-4.03116843746458e-05	7.6996224552161e-05	295	81	0.600992777005874	0.886472860354298
s__Collinsella_aerofaciens	Tgly	Tgly	0.000772477592585481	0.00150192361863333	295	194	0.607420256109914	0.886472860354298
s__Dorea_formicigenerans	HDL	HDL	-0.000151534895020404	0.000312725124937436	295	53	0.628356255089242	0.886472860354298
s__Megamonas_unclassified	TCHOL	TCHOL	-0.000449456692685845	0.000954057554376762	295	91	0.637927071869969	0.886472860354298
s__Odoribacter_splanchnicus	FBGlu	FBGlu	0.000152870125092258	0.000302299241373706	295	109	0.613461471163262	0.886472860354298
s__Oscillibacter_unclassified	Tgly	Tgly	-0.000383820969991471	0.000751127456745348	295	194	0.60974872061301	0.886472860354298
s__Parabacteroides_johnsonii	BMI	BMI	4.05941083775638e-05	8.11315564058513e-05	295	82	0.617212671731909	0.886472860354298
s__Phascolarctobacterium_succinatutens	FBGlu	FBGlu	0.000157864661279919	0.000321945222472202	295	60	0.624263497801364	0.886472860354298
s__Roseburia_intestinalis	Gender	Gender	-0.000573785528245803	0.00122749328718701	295	95	0.640536290400932	0.886472860354298
s__Ruminococcus_torques	TCHOL	TCHOL	-0.00102025121324221	0.00204539205404142	295	224	0.618299047696047	0.886472860354298
s__Alistipes_onderdonkii	Gender	Gender	-0.00406871872207889	0.008862556977973	295	183	0.64651644124146	0.887123412271662
s__Bacteroides_salyersiae	TCHOL	TCHOL	-0.000353839919478961	0.000770287939528152	295	101	0.646322985478311	0.887123412271662
s__Bacteroides_thetaiotaomicron	Age	Age	8.03883976937908e-05	0.000175010074894921	295	265	0.646340740338409	0.887123412271662
s__Bacteroides_xylanisolvens	Gender	Gender	0.000906824145033051	0.00198709804507079	295	159	0.648479144169603	0.887295826158409
s__Alistipes_putredinis	HDL	HDL	-0.00818475135387204	0.0183444591002549	295	193	0.655810719948162	0.890398737755794
s__Bilophila_unclassified	TCHOL	TCHOL	-0.000151179935437125	0.000341130245054395	295	181	0.657974007518844	0.890398737755794
s__Faecalibacterium_prausnitzii	FBGlu	FBGlu	-0.000650307310407468	0.00147186193199606	295	220	0.658947627888525	0.890398737755794
s__Klebsiella_pneumoniae	Gender	Gender	0.00143572819840612	0.00325990501393223	295	160	0.659964281814853	0.890398737755794
s__Ruminococcus_gnavus	Gender	Gender	0.00123732990620954	0.00275036369548136	295	129	0.653137541366674	0.890398737755794
s__Bacteroides_cellulosilyticus	FBGlu	FBGlu	-0.000311943558590533	0.000715372024257786	295	112	0.663122602540614	0.892167735451578
s__Bacteroides_clarus	TCHOL	TCHOL	0.000591765069234717	0.00141605165502642	295	86	0.676334225313744	0.899019277178022
s__Bacteroides_clarus	BMI	BMI	0.000107473251590866	0.000255339444098724	295	86	0.674140601315653	0.899019277178022
s__Bacteroides_vulgatus	Tgly	Tgly	0.00233152355113797	0.00560095572859398	295	215	0.677521774105176	0.899019277178022
s__Bifidobacterium_adolescentis	TCHOL	TCHOL	0.00166716786654195	0.00398168271401972	295	138	0.675741713566872	0.899019277178022
s__Faecalibacterium_prausnitzii	Tgly	Tgly	0.00202089402692494	0.00485303759691785	295	220	0.677415130365519	0.899019277178022
s__Bacteroides_massiliensis	Gender	Gender	-0.00229676729481335	0.00571999529455803	295	122	0.688326512919544	0.901218401754251
s__Bacteroides_massiliensis	FBGlu	FBGlu	0.000673352133165744	0.0016693571117543	295	122	0.686983638031367	0.901218401754251
s__Bifidobacterium_pseudocatenulatum	HDL	HDL	0.00115112347810432	0.00281176057543824	295	64	0.682554457775704	0.901218401754251
s__Parabacteroides_johnsonii	Tgly	Tgly	0.000286899417973645	0.000703904884523314	295	82	0.683883960219802	0.901218401754251
s__Veillonella_unclassified	Gender	Gender	0.000922298012197659	0.00229835802415616	295	76	0.68850846842095	0.901218401754251
s__Barnesiella_intestinihominis	BMI	BMI	-0.000106680126699708	0.000270297537106299	295	97	0.693374673455703	0.902695329593274
s__Dorea_longicatena	Tgly	Tgly	0.000307485438620576	0.000776803842843343	295	105	0.692521524299761	0.902695329593274
s__Bacteroides_clarus	Gender	Gender	0.000880288929002229	0.00230219399573903	295	86	0.702470255315143	0.904781688845904
s__Bacteroides_finegoldii	BMI	BMI	-8.06520728590933e-05	0.000209490687232913	295	80	0.700529079519885	0.904781688845904
s__Bacteroides_salyersiae	Age	Age	1.519887743638e-05	3.94489964428612e-05	295	101	0.700315964198558	0.904781688845904
s__Parabacteroides_distasonis	HDL	HDL	-0.00272904944244484	0.0070903834650183	295	216	0.700600668249678	0.904781688845904
s__Bacteroides_vulgatus	BMI	BMI	-0.000245096178946857	0.000645562014999837	295	215	0.704476174455117	0.904952107079313
s__Eubacterium_hallii	FBGlu	FBGlu	7.48061694469502e-05	0.000200002038556569	295	90	0.708660372248269	0.906122107821955
s__Parabacteroides_merdae	TCHOL	TCHOL	0.000615994743692089	0.00164976636361842	295	179	0.709139040904139	0.906122107821955
s__Bacteroides_salyersiae	Tgly	Tgly	-0.000438795957482634	0.0012050805643182	295	101	0.716035259989708	0.907166993815055
s__Bacteroides_stercoris	Tgly	Tgly	0.00385260753175208	0.0106110145741133	295	161	0.716815177836821	0.907166993815055
s__Bifidobacterium_longum	TCHOL	TCHOL	0.000636242130828404	0.00173165518821054	295	155	0.713577670231102	0.907166993815055
s__Roseburia_intestinalis	FBGlu	FBGlu	-0.000129753919222589	0.000358238869627363	295	95	0.717469547903418	0.907166993815055
s__Bacteroides_uniformis	Tgly	Tgly	-0.00253492304066677	0.00725767872687419	295	262	0.727139271242393	0.90799627161501
s__Bilophila_unclassified	HDL	HDL	-0.000394164980130916	0.00113018869396697	295	181	0.727524962971033	0.90799627161501
s__Bilophila_unclassified	BMI	BMI	2.17101338003897e-05	6.15118854091698e-05	295	181	0.724390927130469	0.90799627161501
s__Ruminococcus_gnavus	BMI	BMI	-0.00010655429211911	0.000305046550539752	295	129	0.727116480035031	0.90799627161501
s__Ruminococcus_torques	FBGlu	FBGlu	-0.00033911694103548	0.000970494247656281	295	224	0.727024979018611	0.90799627161501
s__Akkermansia_muciniphila	Age	Age	5.84551936459596e-05	0.000173038793478611	295	81	0.735749154430206	0.913539438534163
s__Roseburia_hominis	BMI	BMI	2.73210424534555e-05	8.0564386896994e-05	295	91	0.734766885404622	0.913539438534163
s__Bacteroidales_bacterium_ph8	HDL	HDL	0.00288130086605787	0.00881264873362124	295	144	0.743943567043658	0.917601425668415
s__Bacteroides_intestinalis	BMI	BMI	-2.59557675740159e-05	7.96376880094676e-05	295	59	0.744719997643931	0.917601425668415
s__Coprococcus_comes	HDL	HDL	0.000314264084289261	0.000954066455965187	295	70	0.742097911092445	0.917601425668415
s__Roseburia_hominis	FBGlu	FBGlu	-6.76562780203257e-05	0.000211992596866154	295	91	0.749849076124468	0.921570238595721
s__Akkermansia_muciniphila	BMI	BMI	-0.000186686910278194	0.000609255459455551	295	81	0.759508491091792	0.921864608619459
s__Bacteroides_uniformis	BMI	BMI	0.00025931968299226	0.000836514682525175	295	262	0.756785813753882	0.921864608619459
s__Coprococcus_comes	TCHOL	TCHOL	8.9499863744311e-05	0.000287970429768867	295	70	0.756181822559094	0.921864608619459
s__Oscillibacter_unclassified	TCHOL	TCHOL	-0.000147039970428712	0.000480120946359087	295	194	0.759631706481459	0.921864608619459
s__Parabacteroides_unclassified	Age	Age	4.68460468681123e-05	0.000150555737349246	295	194	0.755909295912667	0.921864608619459
s__Streptococcus_salivarius	HDL	HDL	0.00115542911516365	0.00392202225490088	295	126	0.768512172035648	0.93030420825368
s__Ruminococcus_gnavus	FBGlu	FBGlu	-0.000233341425927929	0.000802682337751365	295	129	0.77148913470251	0.931573130153281
s__Veillonella_unclassified	BMI	BMI	7.31786590726464e-05	0.00025491399131179	295	76	0.774264371064733	0.932592746195177
s__Eggerthella_unclassified	HDL	HDL	-0.000184749266769467	0.00066172697361797	295	69	0.780298112540111	0.937522359096701
s__Ruminococcus_obeum	Tgly	Tgly	-0.000122181145935774	0.000443453780143888	295	111	0.783113709943047	0.938570525812635
s__Parabacteroides_goldsteinii	Gender	Gender	0.000196169248454799	0.000729242545195946	295	60	0.788119792045233	0.941027644296126
s__Ruminococcus_obeum	FBGlu	FBGlu	-3.60148081437246e-05	0.000134493649504811	295	111	0.789060447080602	0.941027644296126
s__Ruminococcus_obeum	HDL	HDL	-0.000247931314024078	0.000939109231046683	295	111	0.79196407405265	0.942164157062636
s__Eubacterium_eligens	HDL	HDL	-0.000649606172672233	0.00249316397398098	295	114	0.794622592634251	0.943004206983645
s__Collinsella_aerofaciens	HDL	HDL	0.000820127701224399	0.00318064790005385	295	194	0.79670803871324	0.943161722300233
s__Bacteroides_dorei	TCHOL	TCHOL	-0.00115798423552494	0.00487457788539873	295	226	0.812395131476135	0.954952402586045
s__Bifidobacterium_pseudocatenulatum	FBGlu	FBGlu	-9.45267660144573e-05	0.000402683658963669	295	64	0.814576376533024	0.954952402586045
s__Ruminococcus_gnavus	Tgly	Tgly	0.0006413217001049	0.00264661207604337	295	129	0.808706847906067	0.954952402586045
s__Subdoligranulum_unclassified	HDL	HDL	-0.00196206050747797	0.00827374551896335	295	268	0.812715069312317	0.954952402586045
s__Bacteroides_ovatus	HDL	HDL	-0.00493403527992934	0.0213018761619827	295	244	0.816994774111511	0.955468464638886
s__Bacteroides_caccae	FBGlu	FBGlu	0.000424702494898144	0.00187512033192301	295	198	0.820978873126765	0.955500712578861
s__Bacteroides_stercoris	Age	Age	-7.92933912774328e-05	0.000347357586358696	295	161	0.819594258980772	0.955500712578861
s__Akkermansia_muciniphila	TCHOL	TCHOL	0.000579206797434465	0.00337878546239159	295	81	0.864010749826624	0.956689270000558
s__Alistipes_indistinctus	Tgly	Tgly	0.000187379855106999	0.00107545091443064	295	96	0.861804593542277	0.956689270000558
s__Alistipes_senegalensis	Gender	Gender	5.73038837601416e-05	0.000301509737667152	295	50	0.849399215828101	0.956689270000558
s__Alistipes_senegalensis	BMI	BMI	-5.70861379486e-06	3.34408520519005e-05	295	50	0.86457382394171	0.956689270000558
s__Bacteroides_caccae	BMI	BMI	-0.000125565136735918	0.000712609412463798	295	198	0.860257386319647	0.956689270000558
s__Bacteroides_clarus	FBGlu	FBGlu	-0.000109493864317672	0.000671885853312046	295	86	0.870660695607544	0.956689270000558
s__Bacteroides_finegoldii	TCHOL	TCHOL	-0.000220642997016151	0.0011617853850034	295	80	0.849508287482907	0.956689270000558
s__Bacteroides_plebeius	Gender	Gender	0.000880126610307078	0.00529760596147592	295	63	0.868166374277609	0.956689270000558
s__Bacteroides_salyersiae	FBGlu	FBGlu	-6.12100736601635e-05	0.000365484950855266	295	101	0.867113225586593	0.956689270000558
s__Bacteroides_thetaiotaomicron	Gender	Gender	-0.00117616129078977	0.00555575403380129	295	265	0.832490198761748	0.956689270000558
s__Barnesiella_intestinihominis	Tgly	Tgly	-0.000391921108125419	0.00234512642271982	295	97	0.867392117191256	0.956689270000558
s__Barnesiella_intestinihominis	HDL	HDL	0.0010159422339956	0.00496631209420084	295	97	0.838055645383381	0.956689270000558
s__Bifidobacterium_pseudocatenulatum	Gender	Gender	-0.00029042474109788	0.00137978184430954	295	64	0.833437747828602	0.956689270000558
s__Coprococcus_comes	FBGlu	FBGlu	2.72194167588458e-05	0.00013663573447134	295	70	0.842238322380725	0.956689270000558
s__Dorea_longicatena	Gender	Gender	-0.000170110824387179	0.000807255852569354	295	105	0.833249628979343	0.956689270000558
s__Dorea_longicatena	BMI	BMI	1.95653165074471e-05	8.95338364282074e-05	295	105	0.827175955073032	0.956689270000558
s__Eubacterium_eligens	Gender	Gender	-0.000231212538318119	0.00122344072117499	295	114	0.850237765314057	0.956689270000558
s__Eubacterium_eligens	Tgly	Tgly	-0.000226474905262153	0.00117728902264987	295	114	0.847588558433743	0.956689270000558
s__Eubacterium_hallii	Tgly	Tgly	0.000145785745244265	0.000659448682974593	295	90	0.825193443986059	0.956689270000558
s__Parabacteroides_distasonis	BMI	BMI	6.24680053994815e-05	0.000385902688228471	295	216	0.871518175569866	0.956689270000558
s__Parabacteroides_merdae	FBGlu	FBGlu	-0.00015469045461211	0.000782778422701391	295	179	0.84348449143758	0.956689270000558
s__Prevotella_copri	BMI	BMI	-0.000350931741091829	0.00174754428327816	295	93	0.84098608007929	0.956689270000558
s__Roseburia_hominis	Gender	Gender	0.000126008671828921	0.000726385413892202	295	91	0.862401486748599	0.956689270000558
s__Ruminococcus_obeum	BMI	BMI	-8.44550642564527e-06	5.11121547359289e-05	295	111	0.868875504673077	0.956689270000558
s__Veillonella_unclassified	FBGlu	FBGlu	0.000111747985241849	0.000670766340775307	295	76	0.867804083028884	0.956689270000558
s__Ruminococcus_torques	Tgly	Tgly	-0.000476179963547885	0.00319992315113497	295	224	0.881808213557169	0.963604903050028
s__Subdoligranulum_unclassified	TCHOL	TCHOL	0.000376169219649401	0.00249730407981249	295	268	0.880373309849435	0.963604903050028
s__Eubacterium_rectale	FBGlu	FBGlu	-0.000151481973626859	0.00103888049958266	295	143	0.884171605385852	0.964006513321369
s__Bacteroides_intestinalis	Gender	Gender	-9.83263208756847e-05	0.000718030102309803	295	59	0.891175028156266	0.966954259097658
s__Bacteroides_vulgatus	Age	Age	2.4711774560686e-05	0.00018335046565035	295	215	0.892881158504256	0.966954259097658
s__Odoribacter_splanchnicus	HDL	HDL	-0.000284585750143807	0.00211082091353542	295	109	0.892846869184189	0.966954259097658
s__Escherichia_unclassified	TCHOL	TCHOL	0.00046192407141715	0.00376892678363588	295	223	0.902540382728551	0.975228198787227
s__Bacteroides_stercoris	BMI	BMI	-0.000145242487159268	0.00122301769226389	295	161	0.905550582191376	0.976296721425077
s__Alistipes_indistinctus	FBGlu	FBGlu	-3.55002214913113e-05	0.000326169997464291	295	96	0.913405747574469	0.976620873676491
s__Alistipes_indistinctus	HDL	HDL	0.000241191679470027	0.00227749976773612	295	96	0.915734123170275	0.976620873676491
s__Bacteroides_caccae	Gender	Gender	0.000678583488688174	0.00642503596133378	295	198	0.915961192081678	0.976620873676491
s__Bacteroides_plebeius	BMI	BMI	-6.62894948435561e-05	0.000587564629115069	295	63	0.910251522425114	0.976620873676491
s__Coprococcus_comes	BMI	BMI	-6.00375790440693e-06	5.19262197766938e-05	295	70	0.908033828231635	0.976620873676491
s__Alistipes_indistinctus	BMI	BMI	-7.98496190810852e-06	0.00012395567703006	295	96	0.948682338273162	0.985242239437074
s__Alistipes_putredinis	Age	Age	-2.0433966460801e-05	0.000283567882359591	295	193	0.942604167675936	0.985242239437074
s__Bacteroides_finegoldii	HDL	HDL	0.000288667689795758	0.00384907737142314	295	80	0.940269669752937	0.985242239437074
s__Bacteroides_intestinalis	FBGlu	FBGlu	-1.44724923200758e-05	0.000209554133529608	295	59	0.944987356136997	0.985242239437074
s__Bacteroides_stercoris	HDL	HDL	0.00158440669140311	0.022471116908931	295	161	0.943837971259069	0.985242239437074
s__Bifidobacterium_adolescentis	HDL	HDL	0.000809792420525935	0.0131915972025033	295	138	0.951093741492939	0.985242239437074
s__Dorea_formicigenerans	BMI	BMI	-1.31907176270693e-06	1.70204428272949e-05	295	53	0.938280379076318	0.985242239437074
s__Dorea_longicatena	TCHOL	TCHOL	-2.82650931883209e-05	0.000496533301787908	295	105	0.954644654361388	0.985242239437074
s__Faecalibacterium_prausnitzii	TCHOL	TCHOL	-0.000191532550447195	0.00310206341523524	295	220	0.950809997375881	0.985242239437074
s__Odoribacter_splanchnicus	TCHOL	TCHOL	4.87795717543323e-05	0.000637119145983354	295	109	0.939024765340952	0.985242239437074
s__Parabacteroides_merdae	Tgly	Tgly	0.00014912698973308	0.00258098469214032	295	179	0.953964787810528	0.985242239437074
s__Parabacteroides_unclassified	TCHOL	TCHOL	0.000246863826890608	0.00293977741296581	295	194	0.933135927863418	0.985242239437074
s__Ruminococcus_torques	HDL	HDL	-0.000404510050535285	0.00677652892911586	295	224	0.952441841974558	0.985242239437074
s__Streptococcus_salivarius	Tgly	Tgly	-0.000164016371535767	0.0018520056424169	295	126	0.929492182508029	0.985242239437074
s__Streptococcus_salivarius	BMI	BMI	-1.23183354274621e-05	0.000213460800664077	295	126	0.954021603945703	0.985242239437074
s__Bacteroides_thetaiotaomicron	BMI	BMI	3.22486079627485e-05	0.000616196180324357	295	265	0.958298197965742	0.986904114322928
s__Acidaminococcus_unclassified	HDL	HDL	0.00025679102137968	0.00583929969923555	295	96	0.964953845201797	0.987809283718498
s__Bacteroides_eggerthii	HDL	HDL	0.000432938892691287	0.0147508313280998	295	130	0.976605740877547	0.987809283718498
s__Bacteroides_finegoldii	Tgly	Tgly	4.64990463263669e-05	0.00181756057122501	295	80	0.979607551576545	0.987809283718498
s__Bacteroides_intestinalis	Age	Age	-8.77249004641572e-07	2.2618442288394e-05	295	59	0.969089025320766	0.987809283718498
s__Bacteroides_uniformis	Age	Age	7.53913939642692e-06	0.000237584233583483	295	262	0.974707440581367	0.987809283718498
s__Bifidobacterium_bifidum	FBGlu	FBGlu	-2.54311430209911e-05	0.000671643891919111	295	96	0.969822417719205	0.987809283718498
s__Dorea_longicatena	HDL	HDL	4.20420816035153e-05	0.00164505004172028	295	105	0.979628668532424	0.987809283718498
s__Escherichia_coli	TCHOL	TCHOL	0.000240473024486331	0.0071354041422134	295	266	0.97313869824892	0.987809283718498
s__Eubacterium_eligens	FBGlu	FBGlu	-1.43593240323435e-05	0.000357056144896898	295	114	0.967948985476109	0.987809283718498
s__Odoribacter_splanchnicus	Tgly	Tgly	2.66438744253602e-05	0.000996744023345165	295	109	0.978692936660184	0.987809283718498
s__Akkermansia_muciniphila	Gender	Gender	6.47622310495744e-05	0.00549317503835204	295	81	0.990601684393007	0.99385587794661
s__Megamonas_unclassified	Tgly	Tgly	-1.3448339561497e-05	0.00149257979649098	295	91	0.992817312566363	0.99385587794661
s__Ruminococcus_gnavus	TCHOL	TCHOL	-1.30385620417144e-05	0.00169171541152453	295	129	0.99385587794661	0.99385587794661
s__Streptococcus_parasanguinis	Tgly	Tgly	-1.11021007420602e-05	0.000731300499577351	295	88	0.987898079079925	0.99385587794661
