Index,MDS1,MDS2,decade,decade10,samID,age
CON001,-0.013907941,0.035436223,21-40,21-40,CON001,21
NLM028,-0.010403062,0.074102005,21-40,21-40,NLM028,21
NLM027,-0.006434431,0.009835774,21-40,21-40,NLM027,22
NLM007,0.008158085,0.052902018,21-40,21-40,NLM007,22
NLM008,-0.052046133,0.044008625,21-40,21-40,NLM008,22
NLM003,0.04937252,-0.022464905,21-40,21-40,NLM003,23
NOM022,-0.010547665,0.018494311,21-40,21-40,NOM022,23
NLM010,-0.003260011,0.060727308,21-40,21-40,NLM010,23
NLM015,-0.06507709,-0.025811161,21-40,21-40,NLM015,23
NLM017,0.059607089,-0.021612102,21-40,21-40,NLM017,23
NLM016,-0.124907265,-0.077152037,21-40,21-40,NLM016,23
NLM002,-0.00305151,-0.009592695,21-40,21-40,NLM002,23
NLM024,-0.103259021,-0.094797535,21-40,21-40,NLM024,23
NOM020,-0.108127295,-0.049822707,21-40,21-40,NOM020,24
NLM009,-0.133450496,-0.041030487,21-40,21-40,NLM009,24
NLM026,-0.023703782,0.071497845,21-40,21-40,NLM026,24
NLM006,-0.011243371,0.025119603,21-40,21-40,NLM006,24
NLM004,-0.104874098,0.030014774,21-40,21-40,NLM004,24
NLM021,0.006852036,0.059813364,21-40,21-40,NLM021,25
NLF011,0.000109052,0.063464944,21-40,21-40,NLF011,25
NLM029,-0.003977618,0.056493977,21-40,21-40,NLM029,25
CON032,0.032555573,0.008759443,21-40,21-40,CON032,26
NLF008,0.02529637,0.01547435,21-40,21-40,NLF008,26
NOF009,0.052616513,-0.009829474,21-40,21-40,NOF009,26
NOM019,-0.050977709,0.016633994,21-40,21-40,NOM019,26
CON038,-0.026854341,0.075321863,21-40,21-40,CON038,27
CON034,0.000137363,0.035082219,21-40,21-40,CON034,27
CON017,-0.017691448,0.087893773,21-40,21-40,CON017,27
CON035,-0.08860682,-0.005683844,21-40,21-40,CON035,27
NLF006,-0.033450213,0.075039865,21-40,21-40,NLF006,27
CON033,-0.001916341,0.035384003,21-40,21-40,CON033,27
NLF009,0.021976977,0.040811825,21-40,21-40,NLF009,27
NLF012,0.001843215,0.059507214,21-40,21-40,NLF012,27
CON037,-0.127707197,-0.080777508,21-40,21-40,CON037,28
CON016,0.004019067,0.02726055,21-40,21-40,CON016,28
CON018,0.021734428,0.002074867,21-40,21-40,CON018,28
NOM025,0.022325766,0.017773232,21-40,21-40,NOM025,28
NLM022,-0.018480404,0.058362911,21-40,21-40,NLM022,29
CON036,0.016308231,0.047955379,21-40,21-40,CON036,29
NOM010,0.02425083,0.037855373,21-40,21-40,NOM010,30
NOF011,0.01699619,0.040465524,21-40,21-40,NOF011,30
NOF008,0.013509338,0.036780178,21-40,21-40,NOF008,30
NLF001,0.005002258,0.051053582,21-40,21-40,NLF001,31
NLM001,-0.037807134,0.030209864,21-40,21-40,NLM001,32
NLF013,-0.013752267,0.068973282,21-40,21-40,NLF013,32
NOM015,0.014186755,0.052989789,21-40,21-40,NOM015,32
NOM004,0.057756074,-0.0416066,21-40,21-40,NOM004,32
NOF007,0.01590886,0.050176061,21-40,21-40,NOF007,32
NOF005,0.003447103,0.072520702,21-40,21-40,NOF005,32
NOM012,-0.087301968,-0.00155543,21-40,21-40,NOM012,32
NOF004,0.01389845,0.028977523,21-40,21-40,NOF004,33
NOM009,-0.083287978,0.067569996,21-40,21-40,NOM009,33
NLM031,0.009842357,0.046143424,21-40,21-40,NLM031,33
CON075,0.023185772,0.034227464,21-40,21-40,CON075,34
NLF002,0.017168537,0.036859564,21-40,21-40,NLF002,34
CON063,-0.123991659,0.001498134,21-40,21-40,CON063,35
NOF006,0.039233362,-0.01797272,21-40,21-40,NOF006,35
NLF010,0.03427198,0.015762171,21-40,21-40,NLF010,35
NOM016,0.027564437,0.02061908,21-40,21-40,NOM016,37
NLF014,0.05200722,-0.008928684,21-40,21-40,NLF014,37
CON087,-0.131866839,-0.072955391,21-40,21-40,CON087,38
NOM027,-0.01816766,0.03776384,21-40,21-40,NOM027,38
NOF012,0.022047978,0.033659672,21-40,21-40,NOF012,38
NLM023,0.050206475,-0.033244295,21-40,21-40,NLM023,38
CON014,-0.129440427,-0.047538691,21-40,21-40,CON014,39
NLM032,-0.015592643,0.085426484,21-40,21-40,NLM032,39
CON085,-0.016168172,0.065351068,21-40,21-40,CON085,39
NLF007,-0.015531937,0.074488578,21-40,21-40,NLF007,39
NOM017,-0.133489474,-0.029897822,21-40,21-40,NOM017,39
CON026,-0.020481958,0.09118545,21-40,21-40,CON026,40
CON093,-0.12670685,-0.03868766,21-40,21-40,CON093,40
CON020,-0.125484676,-0.056960743,21-40,21-40,CON020,40
NOF010,-0.060128197,-0.029104495,21-40,21-40,NOF010,40
CON078,0.007769387,0.039292245,41-60,41-60,CON078,41
CON074,0.012471576,0.017996439,41-60,41-60,CON074,41
CON077,0.006873371,0.065945353,41-60,41-60,CON077,41
CON072,-0.036160627,0.092676364,41-60,41-60,CON072,41
CON068,-0.112837077,-0.053064579,41-60,41-60,CON068,41
NOF013,0.015849756,0.028286378,41-60,41-60,NOF013,41
CON057,0.018673734,0.063120921,41-60,41-60,CON057,41
NOM014,0.039565653,0.008420865,41-60,41-60,NOM014,41
CON043,0.002942158,0.025799964,41-60,41-60,CON043,41
CON010,-0.00234713,0.010733816,41-60,41-60,CON010,42
CON101,-0.041570367,0.075011096,41-60,41-60,CON101,42
NOM013,-0.044648145,0.002162708,41-60,41-60,NOM013,42
NOF014,0.010697295,0.029396098,41-60,41-60,NOF014,42
CON015,-0.014745241,0.056566955,41-60,41-60,CON015,42
NLM005,0.034167878,0.040028765,41-60,41-60,NLM005,42
CON076,-0.042472749,0.073841851,41-60,41-60,CON076,43
NOM018,-0.024015815,0.077521849,41-60,41-60,NOM018,43
CON052,-0.040203854,0.002923543,41-60,41-60,CON052,43
CON060,0.001395891,-0.002844454,41-60,41-60,CON060,44
CON040,-0.022228631,0.07254426,41-60,41-60,CON040,44
CON107,-0.13223933,-0.007478609,41-60,41-60,CON107,44
CON012,0.009721223,0.028343858,41-60,41-60,CON012,44
NLF005,-0.020661436,0.056206848,41-60,41-60,NLF005,44
CON027,-0.104862863,-0.129437417,41-60,41-60,CON027,45
CON047,0.002868766,0.048416971,41-60,41-60,CON047,45
CON066,-0.11649185,0.028687411,41-60,41-60,CON066,45
CON067,0.026410976,0.006473121,41-60,41-60,CON067,45
NOF001,-0.017467873,0.001916559,41-60,41-60,NOF001,45
CON009,-0.102988919,-0.062707223,41-60,41-60,CON009,46
CON106,0.003855634,0.008813583,41-60,41-60,CON106,46
CON073,-9.81E-05,0.029779526,41-60,41-60,CON073,46
CON065,0.001626862,0.030668042,41-60,41-60,CON065,46
NOM023,0.044845271,-0.001706163,41-60,41-60,NOM023,46
CON069,-0.027822169,0.074783065,41-60,41-60,CON069,46
CON064,-0.005536976,0.065064965,41-60,41-60,CON064,46
NOM005,-0.00785596,0.000660897,41-60,41-60,NOM005,46
CON062,-0.133931071,-0.059206021,41-60,41-60,CON062,47
CON090,0.011720083,0.02681384,41-60,41-60,CON090,47
NOM028,0.032365716,-0.012245717,41-60,41-60,NOM028,47
CON058,0.004809847,0.047473864,41-60,41-60,CON058,47
CON061,-0.137502979,-0.05411083,41-60,41-60,CON061,48
CON013,-0.086835033,-0.076446384,41-60,41-60,CON013,48
CON070,-0.112516023,-0.034494568,41-60,41-60,CON070,48
NOM001,-0.135137745,-0.031202238,41-60,41-60,NOM001,48
CON019,0.044967207,0.003075086,41-60,41-60,CON019,48
CON059,-0.04564807,0.090009238,41-60,41-60,CON059,49
CON011,-0.011966105,0.043266011,41-60,41-60,CON011,49
CON091,-0.012122771,0.049444793,41-60,41-60,CON091,50
CON044,-0.06475476,-0.024584141,41-60,41-60,CON044,50
CON056,-0.006978908,0.042096574,41-60,41-60,CON056,50
CON023,0.027027432,0.027254851,41-60,41-60,CON023,50
NOF002,0.030367993,0.011264069,41-60,41-60,NOF002,51
CON105,-0.037644549,0.087258105,41-60,41-60,CON105,52
CON048,0.031664063,-0.019243821,41-60,41-60,CON048,52
CON054,-0.004036467,0.064558511,41-60,41-60,CON054,52
CON006,0.039608106,0.003925674,41-60,41-60,CON006,52
NOM026,-0.017473629,0.036265711,41-60,41-60,NOM026,52
CON081,-0.023489759,0.077208205,41-60,41-60,CON081,52
MHS234,-0.037104419,0.107348902,41-60,41-60,MHS234,53
MHS267,-0.017936952,0.069796946,41-60,41-60,MHS267,53
CON082,-0.106182201,-0.046404331,41-60,41-60,CON082,53
CON028,-0.108360401,-0.04021691,41-60,41-60,CON028,53
CON039,0.050618496,-0.038763716,41-60,41-60,CON039,53
CON005,-0.04828446,0.020864873,41-60,41-60,CON005,53
CON002,-0.001892181,0.03438316,41-60,41-60,CON002,53
CON022,-0.011446824,0.064572856,41-60,41-60,CON022,53
MHS285,-0.007615594,0.050458767,41-60,41-60,MHS285,54
CON029,-0.031229187,0.086255515,41-60,41-60,CON029,54
CON042,0.043659864,-0.040987902,41-60,41-60,CON042,54
CON045,0.05471887,-0.008011064,41-60,41-60,CON045,54
CON095,-0.010988164,0.043180647,41-60,41-60,CON095,54
NOM008,0.032435679,0.042354704,41-60,41-60,NOM008,54
MHS258,-0.031749577,0.095972966,41-60,41-60,MHS258,55
MHS266,-0.037222286,0.080577431,41-60,41-60,MHS266,55
CON104,-0.02108672,0.050728634,41-60,41-60,CON104,55
CON099,-0.017101785,0.0657222,41-60,41-60,CON099,55
CON089,0.039877576,0.015642352,41-60,41-60,CON089,55
CON007,0.058329723,-0.045564712,41-60,41-60,CON007,55
CON004,0.012039546,0.055772808,41-60,41-60,CON004,55
MBE034,-0.005423732,0.028315068,41-60,41-60,MBE034,56
MHS226,0.017244816,0.011393394,41-60,41-60,MHS226,56
MHS289,-0.008056411,0.038222846,41-60,41-60,MHS289,56
CON041,0.035085906,-0.007029838,41-60,41-60,CON041,56
CON088,0.039289045,0.01640772,41-60,41-60,CON088,56
CON055,0.054156239,0.007738452,41-60,41-60,CON055,56
CON008,0.04697461,0.001588399,41-60,41-60,CON008,56
CON080,0.030252314,0.011146437,41-60,41-60,CON080,56
CON031,-0.046000258,0.083462647,41-60,41-60,CON031,56
MBM137,-0.072812978,0.061499469,41-60,41-60,MBM137,57
MHS229,-0.024948874,0.077145218,41-60,41-60,MHS229,57
WFC024,0.017351699,-0.023927557,41-60,41-60,WFC024,57
CON021,-0.016133791,0.060961159,41-60,41-60,CON021,57
CON097,0.018518517,0.029115151,41-60,41-60,CON097,57
MBE033,-0.059423196,0.065486133,41-60,41-60,MBE033,58
MHS236,0.001978543,0.078868494,41-60,41-60,MHS236,58
MHS249,0.001997384,0.0472665,41-60,41-60,MHS249,58
MHS255,-0.002468297,0.06009691,41-60,41-60,MHS255,58
CON049,0.010138909,0.05911659,41-60,41-60,CON049,58
MBE037,-0.036971708,0.05691519,41-60,41-60,MBE037,59
MBE039,-0.018007041,0.078930758,41-60,41-60,MBE039,59
MHS231,0.025320009,0.024239356,41-60,41-60,MHS231,59
MHS287,-0.003418916,0.042111846,41-60,41-60,MHS287,59
NLF015,0.032264496,-0.00163277,41-60,41-60,NLF015,59
CON096,0.009475867,0.034562496,41-60,41-60,CON096,59
MBE035,-0.030867044,0.100853961,41-60,41-60,MBE035,60
MHS235,-0.017072735,0.061136816,41-60,41-60,MHS235,60
MHS238,-0.018775004,0.066473947,41-60,41-60,MHS238,60
MHS250,0.020865166,-0.008986991,41-60,41-60,MHS250,60
MHS257,-0.012132005,0.038277464,41-60,41-60,MHS257,60
MHS259,-0.007014355,0.08439137,41-60,41-60,MHS259,60
MHS279,0.021095585,0.023978404,41-60,41-60,MHS279,60
MHS286,-0.014824742,0.078030512,41-60,41-60,MHS286,60
MHS288,0.001195781,0.006341768,41-60,41-60,MHS288,60
CON079,-0.105116886,-0.082883445,41-60,41-60,CON079,60
CON050,0.031824145,-0.002103173,41-60,41-60,CON050,60
CON083,0.001802798,0.015829493,41-60,41-60,CON083,60
CON053,0.011475032,0.023890245,41-60,41-60,CON053,60
MHS246,-0.026791936,0.100142099,61-80,61-70,MHS246,61
MHS253,-0.028060861,0.073930103,61-80,61-70,MHS253,61
MHS276,0.037869101,-0.004040555,61-80,61-70,MHS276,61
MHS277,0.004652304,0.028958707,61-80,61-70,MHS277,61
WFC023,-0.033286084,0.060436337,61-80,61-70,WFC023,61
CON003,-0.06616426,-0.082121302,61-80,61-70,CON003,61
CON051,0.01526009,0.014202093,61-80,61-70,CON051,61
MBH208,-0.056718344,0.077835481,61-80,61-70,MBH208,62
MHS240,-0.021416959,0.070364638,61-80,61-70,MHS240,62
MHS251,-0.019742388,0.086750464,61-80,61-70,MHS251,62
MHS269,-0.007665697,0.057324545,61-80,61-70,MHS269,62
CON098,-0.001110277,0.05267733,61-80,61-70,CON098,62
MHS239,-0.041059484,0.094222639,61-80,61-70,MHS239,63
MHS243,-0.022683359,0.084252,61-80,61-70,MHS243,63
MHS247,-0.078937897,0.047740835,61-80,61-70,MHS247,63
MBE038,-0.030627222,0.098790784,61-80,61-70,MBE038,64
MBM139,-0.006364148,0.059808953,61-80,61-70,MBM139,64
CON071,-0.123777357,-0.064369962,61-80,61-70,CON071,64
MHS232,-0.001957304,0.076199912,61-80,61-70,MHS232,65
MHS244,-0.009366214,0.055282154,61-80,61-70,MHS244,67
MHS248,-0.041132967,0.101637981,61-80,61-70,MHS248,67
MHS282,0.038584699,-0.007182426,61-80,61-70,MHS282,67
CON086,0.029738788,0.032520502,61-80,61-70,CON086,67
CON046,-0.102310639,-0.066191501,61-80,61-70,CON046,67
MBH207,0.008879612,0.0545281,61-80,61-70,MBH207,68
NOM002,0.002925116,0.055423897,61-80,61-70,NOM002,68
MBE036,0.028315748,-0.012065341,61-80,61-70,MBE036,69
CON084,-0.081534852,0.010013224,61-80,61-70,CON084,69
CON092,0.031282126,0.034436207,61-80,61-70,CON092,70
MBM135,0.007210145,-0.036499867,61-80,71-80,MBM135,73
MHS283,-0.118710241,-0.022087339,61-80,71-80,MHS283,74
MBS1228,0.007044759,0.038166381,61-80,71-80,MBS1228,77
MBS1222,0.058245646,-0.075455151,61-80,71-80,MBS1222,78
MBS1226,0.057692628,-0.023917218,61-80,71-80,MBS1226,78
MBS1584,0.028584166,-0.044284552,61-80,71-80,MBS1584,79
MBS1598,-0.000343923,-0.0027838,61-80,71-80,MBS1598,79
MBS1216,0.040882974,-0.016729084,61-80,71-80,MBS1216,79
MBS1223,0.037268139,-0.018060948,61-80,71-80,MBS1223,79
MBS1217,0.014629178,0.014731101,61-80,71-80,MBS1217,79
MBS1227,0.05324723,-0.014338375,61-80,71-80,MBS1227,79
MBS1573,0.043087148,-0.025470561,61-80,71-80,MBS1573,80
MBS1576,0.032140208,-0.011928474,61-80,71-80,MBS1576,80
MBS1585,0.012394216,-0.003978533,61-80,71-80,MBS1585,80
MBS1603,0.000528375,-0.021295017,61-80,71-80,MBS1603,80
MBS1609,0.035806596,-0.072852455,61-80,71-80,MBS1609,80
MBS1612,0.037531287,-0.03444697,61-80,71-80,MBS1612,80
MBS1230,0.028647369,0.01615152,61-80,71-80,MBS1230,80
MBS1215,0.028409221,-0.002713286,61-80,71-80,MBS1215,80
MBS1218,0.040913023,-0.006045672,61-80,71-80,MBS1218,80
MBS1220,0.047363062,-0.017776671,61-80,71-80,MBS1220,80
MBS1231,-0.067693537,-0.109984385,61-80,71-80,MBS1231,80
MBS1577,-0.073195872,-0.106874035,81-100,81-90,MBS1577,81
MBS1579,0.014736228,0.029641627,81-100,81-90,MBS1579,81
MBS1588,0.037963059,-0.061678826,81-100,81-90,MBS1588,81
MBS1591,0.028348589,-0.027129875,81-100,81-90,MBS1591,81
MBS1592,0.026754173,-0.009830529,81-100,81-90,MBS1592,81
MBS1596,0.034107499,0.010837748,81-100,81-90,MBS1596,81
MBS1613,0.058758455,-0.017831928,81-100,81-90,MBS1613,81
MBS1614,-0.034223689,-0.003352785,81-100,81-90,MBS1614,81
MBS1615,0.013055197,0.011246016,81-100,81-90,MBS1615,81
MBS1571,0.0210826,-0.05307978,81-100,81-90,MBS1571,82
MBS1572,0.030324312,-0.00250153,81-100,81-90,MBS1572,82
MBS1578,0.029863553,-0.017838746,81-100,81-90,MBS1578,82
MBS1582,0.03174773,0.003944619,81-100,81-90,MBS1582,82
MBS1586,0.060141081,-0.023043726,81-100,81-90,MBS1586,82
MBS1595,-0.066331405,-0.090681898,81-100,81-90,MBS1595,82
MBS1601,0.054373132,-0.073494766,81-100,81-90,MBS1601,82
MBS1602,0.027468252,-0.022309221,81-100,81-90,MBS1602,82
MBS1611,-0.026513031,-0.021885555,81-100,81-90,MBS1611,82
MBS1570,-0.104215932,-0.052349581,81-100,81-90,MBS1570,83
MBS1575,0.015827929,0.010975253,81-100,81-90,MBS1575,83
MBS1580,0.017559107,0.002688635,81-100,81-90,MBS1580,83
MBS1583,0.033550668,-0.02812778,81-100,81-90,MBS1583,83
MBS1587,0.030930112,-0.006321745,81-100,81-90,MBS1587,83
MBS1589,-0.020162043,0.025389091,81-100,81-90,MBS1589,83
MBS1593,-0.089612154,-0.081042875,81-100,81-90,MBS1593,83
MBS1594,-0.004120294,0.001124429,81-100,81-90,MBS1594,83
MBS1599,0.067533499,-0.044873101,81-100,81-90,MBS1599,83
MBS1600,0.012638145,-0.014500183,81-100,81-90,MBS1600,83
MBS1605,0.025995508,-0.013933489,81-100,81-90,MBS1605,83
MBS1606,0.011795951,-0.03101103,81-100,81-90,MBS1606,83
MBS1610,0.016140501,-0.005851548,81-100,81-90,MBS1610,83
MBS1604,0.038834954,-0.058811869,81-100,81-90,MBS1604,84
MBS1608,0.017914234,-0.011850371,81-100,81-90,MBS1608,84
MBS1616,0.007351113,-0.070087243,81-100,81-90,MBS1616,84
MBS1235,-0.085380196,-0.004966463,81-100,81-90,MBS1235,84
MBS1537,0.055296695,-0.020818568,81-100,81-90,MBS1537,85
MBS1538,0.033470171,-0.016261728,81-100,81-90,MBS1538,85
MBS1539,0.027149565,-0.007023806,81-100,81-90,MBS1539,85
MBS1544,-0.002762444,-0.001936356,81-100,81-90,MBS1544,85
MBS1545,-0.102423365,-0.115302593,81-100,81-90,MBS1545,85
MBS1546,0.032890916,-0.005307164,81-100,81-90,MBS1546,85
MBS1553,0.02029191,-0.014727496,81-100,81-90,MBS1553,85
MBS1562,0.036153705,-0.045756706,81-100,81-90,MBS1562,85
MBS1563,0.027955718,0.002596026,81-100,81-90,MBS1563,85
MBS1564,0.05470169,-0.083991725,81-100,81-90,MBS1564,85
MBS1565,0.043727869,-0.021576535,81-100,81-90,MBS1565,85
MBS1574,-0.012011296,-0.041611532,81-100,81-90,MBS1574,85
MBS1443,-0.016182251,-0.003549098,81-100,81-90,MBS1443,85
MBS1454,0.007505831,-0.042527053,81-100,81-90,MBS1454,85
MBS1455,0.060836056,-0.018803034,81-100,81-90,MBS1455,85
MBS1464,0.037423321,-0.029913298,81-100,81-90,MBS1464,85
MBS1465,-0.025910744,-0.007422602,81-100,81-90,MBS1465,85
MBS1486,0.059857175,-0.007511955,81-100,81-90,MBS1486,85
MBS1492,0.030243336,0.015561006,81-100,81-90,MBS1492,85
MBS1494,0.041756339,-0.064540798,81-100,81-90,MBS1494,85
MBS1518,0.053674635,-0.042466604,81-100,81-90,MBS1518,85
MBS1519,0.046306401,-0.024087068,81-100,81-90,MBS1519,85
MBS1263,0.002256614,-0.015562858,81-100,81-90,MBS1263,85
MBS1239,0.040586271,-0.063791325,81-100,81-90,MBS1239,85
MBS1259,0.059072486,-0.073797501,81-100,81-90,MBS1259,85
MBS1530,0.058323362,-0.061481394,81-100,81-90,MBS1530,86
MBS1534,0.024247155,-0.02641559,81-100,81-90,MBS1534,86
MBS1535,0.007519583,0.054741973,81-100,81-90,MBS1535,86
MBS1552,-0.004946281,0.027434413,81-100,81-90,MBS1552,86
MBS1435,0.020471162,-0.038576323,81-100,81-90,MBS1435,86
MBS1438,0.011963681,0.017689923,81-100,81-90,MBS1438,86
MBS1448,0.04471793,-0.033111723,81-100,81-90,MBS1448,86
MBS1452,-0.095557792,-0.070489742,81-100,81-90,MBS1452,86
MBS1457,-0.018461719,-0.012122792,81-100,81-90,MBS1457,86
MBS1469,0.037923741,-0.027269558,81-100,81-90,MBS1469,86
MBS1471,0.046082778,-0.071123277,81-100,81-90,MBS1471,86
MBS1478,0.036081163,-0.000816753,81-100,81-90,MBS1478,86
MBS1481,0.044117247,-0.031149429,81-100,81-90,MBS1481,86
MBS1503,0.030026312,-0.022252111,81-100,81-90,MBS1503,86
MBS1505,-0.105950433,-0.094648312,81-100,81-90,MBS1505,86
MBS1509,0.023815103,-0.007716921,81-100,81-90,MBS1509,86
MBS1513,-0.07292955,-0.064207638,81-100,81-90,MBS1513,86
MBS1525,0.002013867,0.00865705,81-100,81-90,MBS1525,86
MBS1526,0.039681922,-0.047858641,81-100,81-90,MBS1526,86
MBS1247,-0.06857936,-0.00587055,81-100,81-90,MBS1247,86
MBS1255,0.017974029,0.010194322,81-100,81-90,MBS1255,86
MBS1258,0.035557531,-0.006989293,81-100,81-90,MBS1258,86
MBS1233,0.055816591,-0.001632033,81-100,81-90,MBS1233,86
MBS1257,0.001616895,0.014868646,81-100,81-90,MBS1257,86
MBS1529,0.044875561,-0.014323717,81-100,81-90,MBS1529,87
MBS1532,0.039795694,-0.008173391,81-100,81-90,MBS1532,87
MBS1543,0.028995406,-0.017935263,81-100,81-90,MBS1543,87
MBS1548,0.055512528,-0.049741786,81-100,81-90,MBS1548,87
MBS1549,0.03122627,-0.021517847,81-100,81-90,MBS1549,87
MBS1550,0.055325522,-0.057513857,81-100,81-90,MBS1550,87
MBS1560,0.002566192,-0.022628868,81-100,81-90,MBS1560,87
MBS1561,-0.074711812,-0.08911681,81-100,81-90,MBS1561,87
MBS1566,-0.067166877,-0.0545847,81-100,81-90,MBS1566,87
MBS1567,0.011120662,-0.00576823,81-100,81-90,MBS1567,87
MBS1568,0.045249974,-0.020094962,81-100,81-90,MBS1568,87
MBS1439,0.029835421,0.009757265,81-100,81-90,MBS1439,87
MBS1440,0.043002953,-0.01852394,81-100,81-90,MBS1440,87
MBS1450,0.046459676,-0.060521928,81-100,81-90,MBS1450,87
MBS1460,0.046216485,-0.080205579,81-100,81-90,MBS1460,87
MBS1461,-0.026294483,0.010308447,81-100,81-90,MBS1461,87
MBS1473,0.021149226,0.028135233,81-100,81-90,MBS1473,87
MBS1474,0.029470219,0.027484331,81-100,81-90,MBS1474,87
MBS1479,0.044339194,-0.03333662,81-100,81-90,MBS1479,87
MBS1482,0.063562814,-0.058333962,81-100,81-90,MBS1482,87
MBS1489,0.034546506,-0.002193278,81-100,81-90,MBS1489,87
MBS1495,0.026274903,0.011746346,81-100,81-90,MBS1495,87
MBS1496,0.048183442,-0.023090764,81-100,81-90,MBS1496,87
MBS1497,-0.092749048,-0.089119308,81-100,81-90,MBS1497,87
MBS1499,0.019761194,-0.008009224,81-100,81-90,MBS1499,87
MBS1500,0.03076594,-0.005407481,81-100,81-90,MBS1500,87
MBS1507,0.050299236,-0.005372953,81-100,81-90,MBS1507,87
MBS1510,0.05063262,-0.00930096,81-100,81-90,MBS1510,87
MBS1514,0.031748065,-0.048865996,81-100,81-90,MBS1514,87
MBS1516,-0.022182959,0.009246037,81-100,81-90,MBS1516,87
MBS1523,0.050292476,-0.07353834,81-100,81-90,MBS1523,87
MBS1527,0.02044096,-0.007527407,81-100,81-90,MBS1527,87
MBS1261,0.04986685,-0.017459978,81-100,81-90,MBS1261,87
MBS1253,0.037189716,0.015063458,81-100,81-90,MBS1253,87
MBS1262,0.050523047,-0.008435414,81-100,81-90,MBS1262,87
MBS1219,0.01420106,-0.031030905,81-100,81-90,MBS1219,87
MBS1238,0.038739092,-0.001151856,81-100,81-90,MBS1238,87
MBS1237,0.038758256,-0.040508224,81-100,81-90,MBS1237,87
MBS1533,0.034304641,-0.02235699,81-100,81-90,MBS1533,88
MBS1542,0.019749365,-0.017750554,81-100,81-90,MBS1542,88
MBS1557,-0.004771507,-0.011032305,81-100,81-90,MBS1557,88
MBS1558,0.027758024,-0.010492283,81-100,81-90,MBS1558,88
MBS1590,-0.005431024,-0.010085817,81-100,81-90,MBS1590,88
MBS1433,0.060884556,-0.038968737,81-100,81-90,MBS1433,88
MBS1444,0.03395515,-0.005187357,81-100,81-90,MBS1444,88
MBS1459,0.06451495,-0.092114817,81-100,81-90,MBS1459,88
MBS1468,0.041753872,-0.041769597,81-100,81-90,MBS1468,88
MBS1480,0.009670467,0.003238309,81-100,81-90,MBS1480,88
MBS1491,0.055309161,-0.038045126,81-100,81-90,MBS1491,88
MBS1493,0.002473865,0.0321008,81-100,81-90,MBS1493,88
MBS1501,0.028229741,-0.025709144,81-100,81-90,MBS1501,88
MBS1502,0.05560226,-0.02630022,81-100,81-90,MBS1502,88
MBS1504,0.045645751,-0.043574237,81-100,81-90,MBS1504,88
MBS1515,0.070293406,-0.031709427,81-100,81-90,MBS1515,88
MBS1517,0.014887266,0.020207232,81-100,81-90,MBS1517,88
MBS1521,0.022619642,0.02359353,81-100,81-90,MBS1521,88
MBS1522,0.003494259,-0.005463267,81-100,81-90,MBS1522,88
MBS1264,0.00207072,0.020795675,81-100,81-90,MBS1264,88
MBS1251,0.035164508,-0.071110999,81-100,81-90,MBS1251,88
MBS1236,0.044577065,-0.05393034,81-100,81-90,MBS1236,88
MBS1232,0.028622397,0.012633427,81-100,81-90,MBS1232,88
MBS1540,-0.088242604,-0.076343656,81-100,81-90,MBS1540,89
MBS1554,0.020893093,-0.032704994,81-100,81-90,MBS1554,89
MBS1556,0.039914965,-0.075691277,81-100,81-90,MBS1556,89
MBS1436,0.024291672,-0.042793861,81-100,81-90,MBS1436,89
MBS1447,-0.046646467,-0.122726248,81-100,81-90,MBS1447,89
MBS1451,0.01245881,0.004619916,81-100,81-90,MBS1451,89
MBS1453,0.030634436,-0.006454764,81-100,81-90,MBS1453,89
MBS1456,0.024564842,0.013436662,81-100,81-90,MBS1456,89
MBS1477,0.060706944,-0.054003168,81-100,81-90,MBS1477,89
MBS1485,0.027589056,-0.071344873,81-100,81-90,MBS1485,89
MBS1488,-0.111459979,-0.046002634,81-100,81-90,MBS1488,89
MBS1498,0.030285779,-0.037469696,81-100,81-90,MBS1498,89
MBS1506,0.037406369,-0.070289044,81-100,81-90,MBS1506,89
MBS1520,0.021339147,-0.004269285,81-100,81-90,MBS1520,89
MBS1524,-0.03656568,-0.049206922,81-100,81-90,MBS1524,89
MBS1243,-0.057861628,-0.014871073,81-100,81-90,MBS1243,89
MBS1254,-0.098020514,-0.0767643,81-100,81-90,MBS1254,89
MBS1249,0.044006341,-0.054463848,81-100,81-90,MBS1249,89
MBS1242,0.034373722,-0.016833068,81-100,81-90,MBS1242,89
MBS1541,0.043234298,-0.015708583,81-100,81-90,MBS1541,90
MBS1446,0.042627536,-0.03981703,81-100,81-90,MBS1446,90
MBS1449,0.057861082,-0.014490723,81-100,81-90,MBS1449,90
MBS1475,0.017837328,0.0247689,81-100,81-90,MBS1475,90
MBS1483,0.022738883,0.010581468,81-100,81-90,MBS1483,90
MBS1528,0.027596985,-0.077941575,81-100,81-90,MBS1528,90
MBS1434,0.047713558,-0.093209222,81-100,91-100,MBS1434,91
MBS1472,0.040302539,-0.057893811,81-100,91-100,MBS1472,91
MBS1508,0.015945453,-0.031139409,81-100,91-100,MBS1508,91
MBS1248,-0.091078612,-0.054238023,81-100,91-100,MBS1248,91
MBS1240,0.019419397,-0.006259932,81-100,91-100,MBS1240,91
MBS1234,-0.023900598,-0.026115282,81-100,91-100,MBS1234,91
MBS1531,0.045736342,-0.054395559,81-100,91-100,MBS1531,92
MBS1536,0.032297929,-0.021031366,81-100,91-100,MBS1536,92
MBS1559,0.059059776,-0.067532846,81-100,91-100,MBS1559,92
MBS1467,0.064166699,-0.050041223,81-100,91-100,MBS1467,92
MBS1470,0.043055354,-0.037185371,81-100,91-100,MBS1470,92
MBS1256,0.000772634,-0.008730418,81-100,91-100,MBS1256,92
MBS1555,0.051926801,-0.074440084,81-100,91-100,MBS1555,93
MBS1441,0.040613587,-0.035731032,81-100,91-100,MBS1441,93
MBS1442,-0.021610947,-0.060775755,81-100,91-100,MBS1442,93
MBS1487,-0.040557034,-0.084737249,81-100,91-100,MBS1487,93
MBS1547,0.033669277,0.02694413,81-100,91-100,MBS1547,94
MBS1551,0.040334314,-0.0469437,81-100,91-100,MBS1551,94
MBS1458,0.048004603,-0.033260622,81-100,91-100,MBS1458,94
MBS1484,0.040898499,-0.051128462,81-100,91-100,MBS1484,94
MBS1490,-0.113192059,-0.088986727,81-100,91-100,MBS1490,94
MBS1511,0.024984271,-0.010126429,81-100,91-100,MBS1511,96
MBS1260,0.027031899,-0.064769931,81-100,91-100,MBS1260,96
