"","Index","MBH043","MBH060","MBH068","MBH069","MBH078","MBH089","MBH094","MBH095","MBS1115","MBS1116","MBS1123","MBS1124","MBS1141","MBS1150","MBS1151","MBS1152","MBS1159","MBS1160","MBS1163","MBS1168","MBS1169","MHH256","MHH257","MHH260","MHH263","MHH264","MHH265","MHH266","MHH335","MHH336","MHH343","MHH344","MHH346","MHH347","MHH348","MHH351","MHH352","MHH356","MHH357","MHH358","MHH359","MHH366","MHH369","MHH370","MHH372","MHH373","MHH374","MHH375","MHH376","MHH380","MHH381","MHH383","MHH384","MHH392","MHH393","MHH394","MHH395","MHH396","MHH520","MHH540","MHH545","MHH552","MHH553","MHH554","MHH563","MHH564","MHH565","MHH566","MHH567","MHH573","MHH574","MHH589","MHH590","MHH592","MHH594","MHH595","MHH596","MHH597","MHH607","MHH616","MHH617","MHH619","MHH621","MHH622","MHH623","MHH624","MHS119","MHS120","MHS124","MHS127","MHS132","MHS136","MHS137","MHS138","MHS141","MHS142"
"1","g__Bacteroides",49.7259107307352,33.9016337324962,38.5820859509727,40.335289881518,9.2771919463692,17.2609046857083,49.4876282489155,20.7783367893039,33.7171972109593,42.5880334445996,11.7623370039249,15.8219990167725,0.840733605599066,32.9627057318469,27.5477796151901,21.08122361488,6.66297216316726,20.5020610638457,14.3525366567541,18.8269118243465,10.1906300055993,25.0584742456108,19.4202652405453,15.868308888249,26.9498662690327,17.0951217385298,2.17663753187902,12.3043343980699,15.6882484234429,11.5491624892724,46.8215546397784,12.7178075440154,22.0603021806882,15.6407816245934,34.9922206801636,15.5948346102194,24.5197553929151,3.86918280712933,21.846005914987,28.769154343232,6.96996958876943,55.0613814261669,20.5752009587853,17.8516078181319,24.9926677136618,13.4948022411699,63.9978694415467,23.0476256181633,18.8925945265375,7.10194973667809,7.68740359668826,12.645830846467,52.6261498112118,17.8860253202123,4.92478150067283,12.9291910846701,23.4541838284496,19.6050027972937,17.7288404484657,4.97793831933714,6.99878652058016,56.1081563494842,33.352322377127,55.5651288762128,12.2219446567414,47.4355739950727,32.5673303254504,31.8738224792359,47.6823493823178,31.1966312330924,17.5693623977345,25.8257305623656,36.9516566465951,44.3967183794864,8.61988579573078,41.59981190146,15.785418293964,7.14710747993338,27.3856420955582,44.7007104280966,27.3478438487619,1.43505879284134,20.4026876616822,38.1155033079267,16.9586388482339,27.151036917065,12.0495194397167,21.2260945670791,13.4821258519392,14.437289347565,26.4765201286471,43.5398871363301,7.97444613844078,52.3037205343388,13.4192875481386,31.1451011368723
"2","g__Bifidobacterium",12.9433231882211,18.5271327028278,0,2.26290098435489,11.0981314990812,8.90603867730247,0.399796081758897,0,0.166838186160493,8.92588877538285,2.95589052051964,4.29029284553665,42.3645325651404,1.78594765878553,6.31417297501683,0,11.5694828926156,9.96861892566181,11.7583159835429,4.81536341279545,2.57511872727457,9.54181361062836,34.5351106456827,0.602745701545179,2.78368920529101,1.32408285514447,44.8973987081981,6.91275060397746,0,17.1489228498741,0,0.604086639720084,0,13.2063965572489,19.6578205932404,2.9578361100602,1.82803255868395,22.2523545295499,6.57707802700436,23.9538209814966,16.0392334446688,3.94231694919219,0,0.128614179200008,3.67572167556653,0.402711779719342,7.61790110875386,13.7600774466033,15.1452871286096,18.8959862109809,25.3739724256121,0.994736484609965,0,0.188997076253283,25.0976859696268,13.9213274857897,6.33364846621101,10.8624885023074,21.3937869599784,4.87166684536003,0.680362486150507,5.72707259255682,3.83015339652839,0.600933475986331,0,7.5854885850118,1.66915805728986,0,18.6172923714448,9.82803704157437,9.73512887079389,10.3760766586809,2.61896591335548,0,51.2046809054609,13.4997843026696,0.917092992129229,20.6202015955074,4.60343538027481,1.69796095291618,13.517110650757,6.273709685565,0,12.0228243375939,19.8310515660125,4.36054091172039,17.0003350754706,30.4578821906225,0.432549239894661,8.68967657444492,6.07730926196702,0,25.3661198878175,6.0211999007134,12.0991154525032,2.42948290750057
"3","g__Parabacteroides",11.0133209369229,3.55807303676657,1.49346780272191,10.0721318544595,2.43594854803567,3.21712019711353,3.8919362129573,4.07911761716665,2.8870264410779,5.88683999661559,3.22846517116754,3.56713091938811,0,3.99138862716425,5.22597440503573,7.14979969618523,3.24701495892558,3.85373481145766,0.999017407832986,3.16536794241141,0.674236038194145,7.4744651179628,0.880170870547932,4.87104963099804,3.96241578729156,5.27473211320575,0.632491437601987,7.95498218131893,2.92265594788187,1.78669357580527,3.12036739652397,3.2794411762839,0.426325541772762,1.3941059929315,4.73845841195233,5.04975903389093,2.49386497982288,1.26125341051319,4.31906926377748,7.41621645302117,0.936125552494829,2.89229396547735,2.64201505373109,1.41647686514713,3.85905147229794,3.1415863651875,6.70622892157798,2.10434755148834,8.88228567850763,2.68539821128191,3.16446630833899,3.98504504091724,4.24208195961059,9.34185548337658,1.82488410070787,5.24289094175944,6.10800247646022,1.72646070773646,1.42359262019973,0.837681678148762,1.57535254968859,3.405847409536,6.69600278117693,3.36756830694112,1.37827139639583,3.54245375333123,7.53078312165051,3.31049544140659,2.03190874566846,9.05833586047754,0.60095303711815,4.01379481652363,5.91070973502507,2.92425947510148,1.48855088612488,1.97247810767715,2.72091339350904,2.16662388056307,3.13755374902675,4.11780152871828,1.87259663989789,0.564669916597731,4.11200998641318,3.80552870857085,0.822509204628475,7.01981002749848,3.9599251349117,2.46195989951848,1.25475442534236,5.47819860281446,1.84761455375021,3.55440817444521,1.3358596144358,4.13757827110669,5.11267450256739,3.76538932256213
"4","g__Ruminococcus",5.52986344642036,3.45340667487398,0,1.2573873379115,4.06655211977459,0,0.64467105604773,0.773730615643961,1.71243373746389,1.51540943266655,0.884162453487273,2.1072924651368,0,0.838614085285293,13.0972194344994,4.97039911091576,4.47472148715742,0.958341001653547,17.488860814827,0,2.22183403901489,1.91655137275217,5.10425252587045,4.71642993286576,2.65286368449223,4.46314191480025,5.89172312767101,2.92208658048476,5.56734435979788,0,4.31782392852314,8.52928947204305,3.7599096666859,1.3296769979143,8.87125162792265,2.3439512890646,6.98541811826561,8.20862750906804,2.20077636467933,0,26.8757766511677,0,0.670838786675292,1.11413290695418,0.624685642372173,3.20489823685238,0,4.46893894190972,0,1.53696640172536,1.59804024388139,0,1.02248995451111,4.93164182929922,1.70615947322833,0.776054505539319,1.92283292904508,16.8513947513952,0,0.536351405680399,0.344085481208656,0,0.880675901507615,1.97924991141265,3.43106702511056,1.16671713685825,1.05641859701728,9.25114824431133,0,1.27941445231932,22.2592726860175,0,1.05482502605346,2.03892528435352,0.489761777503994,3.02413092495806,3.27402238489515,5.91060082658525,1.00047853094026,0,0,1.07954968176573,12.8834062178266,0.987403485131824,4.55243322876908,1.52414606341956,1.17251228626849,2.57716982796488,5.35947192427957,3.13277079006464,0,4.17192530073137,1.2530389124577,1.5435248151189,2.52489168806162,0
"5","g__Blautia",3.41899179107146,8.28304326497907,0.497076841843464,7.56123896594415,3.15439773169798,8.23548875704684,5.8375319854979,1.58818495345422,4.70987134982407,4.86017085662044,2.54167951187892,3.39814811742299,2.32426746086956,2.62851865820941,19.1036646608798,17.2732252006312,4.52823224229734,1.51778551890662,4.17056010373497,3.93437821831222,1.18358913724462,1.24224617715062,1.04928667100256,15.538548945384,3.06507516561045,1.58300266421666,3.55984950354149,3.565587871563,3.50936904938823,17.1109511101026,5.99671184735171,12.8694664473945,3.54789509821311,1.21575061839074,5.89727273596138,3.37297241415237,1.38476385007493,10.3635928560201,3.64909105212846,1.01528167525295,5.11809724713686,24.7647996501697,6.33726976867801,0.421739781512889,1.93164870344552,16.4892878224065,7.77022298573369,1.83994013295496,0.472497229635058,7.05667362019126,3.73904291604669,1.53356757102189,3.69080378183584,16.1706156156443,1.10252657631513,1.46695664895853,2.45866932354724,5.35264522927038,0.892039251656632,0.409510935179927,0.260081551846725,19.5288245213689,10.3822170165531,2.92443010483223,2.31140954915956,3.69110591733466,7.64154470370398,6.95190891507013,0.941251993016938,1.00144197844262,4.07310822817193,1.12423273090622,2.11450794420932,2.32107833286443,0.513033438921451,0.738876590327459,3.59690101797242,3.58692796145165,1.32641597668205,3.85214829524978,1.1810388443682,0.549950747007897,4.23204362232252,0.592424020188799,1.58363412636603,0.814526984801174,0.604062694373493,1.17894480350535,3.95003041707149,1.8324100446312,0.880892073538833,5.99167227940477,0.507883853140405,1.15626686389997,2.59043043966624,0.124719321198705
"6","g__Collinsella",3.22423182630655,8.19016293077076,1.49219365831239,0,1.96649000537467,3.50077215358355,0,1.4385597051888,1.04569422066934,0,0.532100675123261,3.25215220538897,8.26214734942535,0,0,1.35644973851826,2.71660415047562,2.55449892737176,2.98461740928405,3.32504945918796,0,0.570859053227132,3.65088091543083,2.28776881689272,1.37409523993358,0,7.45498681852287,3.65274659674915,0,9.06376878419217,0,3.38783805009348,1.51084300920486,0,0,1.4404264318733,3.0442058031137,4.78212463424466,5.5245209993306,1.05763364331826,2.94698443589551,2.17789646255582,0,0.697485361331372,0,1.84942073408984,2.10487528401589,1.59756750404566,0.947191887456358,3.08665352326259,5.63426855922415,0.399224941731968,0.374189310100207,0.774159164853188,3.54126523360276,0.571973814896064,1.87703468902754,4.76088523727473,1.48899663824553,0.558920026194069,0.231842403442965,0.673273124615143,1.16229818241412,1.55565229600887,2.22756159705629,0,0,0,1.6939765773965,1.02924725913638,1.69594621689967,0.781462429010715,0.99903956261306,0,2.7185467692955,0,3.00694831836228,3.86012838648823,0.804387723392581,0.829136876485309,0.246159630967884,1.42577145868677,0,1.31334210976239,4.02616597988605,2.08699663838185,3.02568314191585,0,0,1.61042907817088,0.994153645069263,0.355515418723368,3.27314211205962,0,3.68116174582798,0.52066596336928
"7","g__Megasphaera",1.94388273908964,1.87791042980988,0.759490394405884,0,5.62469224406775,0.307148559286453,0,0.142598370508264,0,0.413093420470598,3.32269855232574,0,1.70645045923578,0,0,0,3.47619192898846,0,0,0,0,0,0,0,0,0,8.60964334256126,0,0,0.171491441421324,0,0,0.627190460492621,0.179852554867891,0,0,0,6.90009935946653,0,0,0,0,0,0,3.05611706866713,0,3.28197368830593,0,0,0.693811771729999,0,0,0,0,19.455945353171,0,0,0,0.332788668341832,1.32649428434111,0,3.59031710193223,0,0,0.15888088807226,0.533551133686678,0,0,0.271700675001189,0,0,0.350788908277794,0,1.28237410071942,3.41476401709944,3.13485823864157,0,5.97272202239161,0.718845024336918,0,0.289980836022842,1.91313059367351,8.58240496751807,0,5.47727636228903,0,4.81976747817526,2.36249599700695,0,3.39996545199635,0.107112167540311,0,6.35420896979272,1.34248954124163,5.59543485237484,0
"8","g__Streptococcus",1.92751423933567,2.91603621810105,0.304199469614816,0.10277685565775,0,2.92598197310808,4.98113373872784,2.20462006657137,5.4786881709253,0.158930782509012,0,1.98559065899673,11.9762765840834,0,1.07512237698453,0.893596542772474,0.107372762423487,0.176764397693503,1.10421956375165,0.144556014275421,0,0.152211030932663,1.08667567115066,10.6794326774385,0.221909761053666,0.572275914486479,0.102755823190722,1.61285404521244,0.966094295195189,24.6643901728534,0.269435510339687,5.83140724611793,3.14630626808734,0.22944037308528,0.805407344100469,0.103824302409098,0.21533983616168,0,1.62207422123597,0.323502719770039,2.12363612661871,0.585851327539169,0,0.565650795797718,0,9.94533454867989,0.221539925882269,0.474074827973261,0.300254981940953,0,5.02597823527268,0,0.21620742565112,4.73324221393756,0,1.633026834333,0.287165713784005,1.58228784605563,0.307071261737775,0.112551700077302,0.493632373520522,0,0,0,3.48719631442069,0,0.360660684248833,0.879754267535529,0,0.190580145282341,0.400346522313268,0.225103784681729,0,0.217304368795466,6.49990991290239,0.822921047127501,19.0102754351804,0,11.4827663323134,1.83543975221962,0,0.104479999148577,0.107480377380453,0.168912627345815,0.226649659904952,0,0.502310973006377,0.236511531680874,0.947469677354028,0.361167240458123,0.11553242986665,0.71621260195046,1.04382036605001,0.14604577032034,0,0.303955585281914
"9","g__Alistipes",1.79208379060206,3.97506913229293,25.4749925081312,11.0333267530669,1.65480163621559,4.26699113204758,1.94058435899593,39.8133142545393,6.37378971693302,14.6342130062377,2.29122424139416,0,0,5.56300847101817,2.33039670114084,9.488420008102,1.21028442190721,0,3.80504307292676,2.07501606456922,0.405407999591537,2.27184414809805,3.12739466685556,7.41256367441956,0,0.343544787699451,1.77433242691697,0,1.41932868301204,0.461575415798095,5.04468560244516,12.2526047137074,30.6064734644883,14.4237950788185,2.1127858013454,0,3.19402839616381,1.99928474064402,0,2.77602832387088,2.28599230596068,0,28.6525957907722,44.0958443329654,11.1949297504085,6.995041559039,0,0.932169153567398,5.57127313169438,2.304660837576,12.9137361893629,0.425781659767748,4.86881312164283,7.03694483115546,2.30447468539891,23.8457821082906,2.35109017190262,3.75856023220658,21.1591947667942,2.453106556546,2.04312751080951,0.251107784069642,1.70727671003318,2.65303754391344,26.039527575306,11.0377906297794,4.00377957450758,1.69019876063602,17.2595517776918,11.5076908864151,2.10627772445511,22.286631214646,0.345903999018786,5.14458824002251,2.31265155015234,16.7847147390223,15.0080432525186,3.8992849672241,7.39210317070608,0.552384936605822,11.4529849497209,0.992218619629047,1.10298087208521,3.47065503262749,5.79829305479537,0.551548314198425,9.15099572622622,10.2500808125391,0.46212250887399,14.7520578156824,23.5057048784468,26.9047395099765,1.80400722692822,15.4461113919319,5.88408616816431,32.8381427961822
"10","g__Veillonella",1.41784448515025,0.551529780134268,0,0,0,0.21499593091636,0,0,0.184903275370568,0,0,0,3.67595982427979,0,0,0,0,0,0,0,0.103251596087958,0,0,0.158429504917624,0.217777793863295,0.107704518252875,0,0,0,2.56638667160752,0,0,0,0,0,0.315224017726964,0,0,0,0,0,0,0,0,0,0.138411116418111,2.05798693351192,0,0,0,0,0,0,0,0,0,0,0,0,0,0.39765946702376,0,0,0,0,0,0,0,0,0,0,0,0,0,0,0,0.202464085444358,0,5.43856564131716,0,0,0.149681705487891,0,0,0,0,0.259416517346855,0,0,0,0,0,0,0,0,0
"11","g__Dorea",1.25099658981194,1.27529445459352,0.799901840717301,1.14300534610609,0.124540578725979,2.2621324134326,0,1.95386407404701,0.354335113738184,0.773933422311526,0,3.45352379671022,1.55003841602181,1.18368116253131,0,0.617792280703733,0,1.89702367488918,1.54746929865532,2.84232898992376,2.51705540880868,0.36651381386052,0.727998847340189,0.71437908766819,3.66070175480927,2.29133911073688,0.124762703713394,5.03201002551765,1.3209616580761,2.37415411034276,0.658173361339427,0.696575096042411,0.710435135477309,1.27286453100424,0,3.42896754354154,2.11699766052905,0,5.63583695818604,0.380705508428594,4.43274314047405,1.08581112235116,0.919230364208024,0,0.491381406770696,0.771992477403093,1.30987175483919,1.06147143115607,0.270715125409936,0.160918110416451,0.870601205396577,0.777067856986396,1.15167567539316,0.615987115098656,0,1.60296361527669,0.8224998244518,2.36048711362569,0,0.794503867664683,0.354406337226684,0.818733926566292,0.936970232288926,0.984694482926866,0.253429206745824,0.380288195532261,0,0.359178028640879,0,0.328602385490242,4.15131554951374,0,2.33349449356926,0.333296491298581,0.435125714279962,0.163992375406357,0.319080416506183,0,0.516654106825932,0,0,0.938010709250114,0.682230967915437,0.309042342204233,0.797744514395067,1.99127936061381,0.579803472091115,0.418057490356437,2.16409226538473,1.96628355876575,0,0.107385516524637,0.802356342982879,0,0,0.594136140731335
"12","g__Klebsiella",1.20237459085046,1.75399623772297,0,2.22734139907056,0,0.291752843547387,0,0,0.331022402620674,0,0.725158062659724,0.836678549259769,0,0,0,0,0,0,0.314941396655357,0,4.73619584052759,0.168897186507599,0,0.579927176248818,0,0,0,1.65310746869064,0,0.23493190837213,0,0,0,0,0,0,0.815504307449786,0,2.076824812121,0,0.230392682474927,0.245507634920028,0,1.56793565990144,0.139773752054927,0,0.327365025306657,0.406652997923138,0,0,0,0,0,0.223929421762972,0.110188078537865,0,0,0,0.148696658113962,0.134527467247114,0,0,0,0.295848511702293,4.45349858363048,0.711710238817967,0,0,2.46198689662246,0,0.49489657429363,0,0,0,0,0,0,0.120448500341199,0,28.6512954791168,0.320758338332916,0,1.74258494772988,0,0.666757889136167,0,1.65805941131894,0.226807001993794,4.17438143248736,0,0,0.532421262130647,0.799792390208274,0.269872645837248,0,0
"13","g__Sutterellaceae unclassified",1.07561692875573,0.318665226330951,0,0,0,2.26299892622943,0,0,0,0,0,0,0.197128094105312,0,0,0,0,0,0,0,0,0.140428439105409,0.10918875931304,0,0,0,0,0,0,0,0,0,0,0.120548136809324,0,0,0,0,0,0,0,0,0,0,0,0,0,0.152684699257304,0.244777445677368,0,0,0,0,0,0,0,0,0,0,0,0,0,0,0,0,0,0,0,0.232949380029463,0,0,0,0,0,0,0,0,0.153234966554886,0.473781929034245,0,0,0,0,0.149998428836483,0.195535564305411,0,0,0,0,0,0,0,0,0,0,0
"14","g__Haemophilus",1.0362922376545,0,0,0,0,0,0,0.160421910227063,0,0,0,0.448395186267716,0.751510595685387,0,0,0,0,0,0,0,0.166290047432615,0.133529355550388,0.138689445113431,0,0,0.231308946221652,0,0.320779531697709,0,2.63443404102598,0.162427302020993,0,0.158663444045226,0,0,0,0,0,0,0.49289049619827,0,0,0,0,0,0,0,1.01047260952955,0,0,0.319069033073458,0,0,0,0,0,0.27300130965487,0,0,0,3.04755683631092,0,0,0.142082224774362,0,0,0,0.108030487064802,0,0,0,0,0,0,0,0.249617069298328,0,0,0.601632167604,0,0,0.626548662970274,0.133339487875218,0.130020055676413,0.211971683259511,0,0,0,0,0,0,0,0,0,0,0
"15","g__Tunalikevirus",0.688423844421691,0,0,0,0,0,0,0,0,0,0,0,0,0,0,0,0,0,0,0,0,0,0,0,0,0,0,0,0,0,0,0,0,0,0,0,0,0,0.444428839978053,0,0,0,0,0,0,0,0,0,0,0,0,0,0,0,0,0,0,0,0,0,0,0,0,0,0,0,0,0,0,0,0,0,0,0,0,0,0,0,0,0,0,0,0,0,0,0,0,0,0,0,0,0,0,0,0,0
"16","g__Bilophila",0.431322559670736,0.961456270317573,0,1.4884944729282,0.163543111577416,0.965899799482893,0.961094524920008,0,1.88855076465994,1.24594257228708,0.171872204628174,1.67792229888206,0,0.854139687325249,0.649427466779585,1.50488224810841,0.142648513420642,2.36781003411658,0.149993686862961,1.40683242851493,0,0.298375336016957,0.481619825104802,1.56571972138419,0.606896504576933,0,0.268139644428811,2.705221261496,0.146147879734623,0.382161671295698,0.142563683454742,0.937065232470944,0,1.99788164055996,2.06177881580291,0.397949580649982,0.492640236388544,0.125291140142331,2.45049030328845,0.307838017939952,0,0,0.130679624308617,0,0.611454827230205,0.593190498934761,0.278368205079806,0.143915034012121,0.562722226213492,0.332708115648425,1.64028332845628,0.547120640849879,0.429821688928664,0.556038378064017,0.301160567036732,0.40842227704601,0.456435365965509,0,0.86000052861883,0.449704382221192,0.507259521291162,0.228207542993291,0.356383481881681,0.140027441430113,0,0.849620708456522,1.3738172758336,0.130618406021759,1.19282929417241,0.704771984648352,0,0.769092874553827,0.410050256098235,0.112334713234999,0.257709492764345,0.355090346281279,0.18481295697608,0.106581173624667,0,0.216147559368251,0.978670224698915,0.237484664603239,0.275930857735757,0.770602998502827,0.286577196311558,0.478154006978241,0.413313477307653,0.417104098091419,0,0.41168365276846,1.25469947099049,0.567312481872645,0.411227860896211,0.572867624226333,0.612644415917843,0.315830264283499
"17","g__Lachnospiraceae noname",0.240360086848741,0.99093139586592,0.223667523353211,0.180573504911014,0.370081537218755,0.461911775092775,1.76229678114292,0,0.52607912267804,0,0.165573907006791,1.23489675356938,0,0,4.17409971014271,0.12783506899085,0.395038232290469,0.213742927667988,0.794880887277401,1.53725724623053,0.526811292606862,0.654961689529407,0.401992121344813,0.223357481931387,0.902849911268267,0.268838372131194,0.534326253715171,0.690336149295117,2.57706925187368,0.700329644994912,1.42536541870668,0.305766030601992,0,0,1.9043815201792,0.95923840187809,0.454069358255539,0.826512977811463,0.485746024164165,0.136380370711851,1.93477548456897,0.874003566365815,0.46892221904633,0,0,0.174567777043246,0.528442754545007,0.570299778736921,1.02806527184494,0.635624024154497,0.293935154795923,0.894317324545803,1.24806492796135,0.200644547075966,0.28501579362459,0.691624623983987,1.03388095330659,1.9149030831834,0.924741260679533,0.394187183495445,0.237892213883913,0.326368681807388,0.693105119369889,0.224676457239254,0.859529258081509,0.101064545200486,2.13118864142839,0.40708449497981,0.645152354515033,0,0.571421259373644,0.208986184885751,1.63883599686004,1.12833085486918,0.557372395904107,0.106691166716221,0.698368106828821,0.47135828452514,0.211890596493959,0.20737746438409,0.65482205863245,0.578073798864054,1.80884327392194,0.5069185909404,0.301034149352481,0.352793433185388,0.165250840156911,0.326220725965056,0.568552123288387,1.13127638804639,1.13600190671716,0.155190822510351,0.45956088437669,0,0.316561697689345,0
"18","g__Lactobacillus",0.212538673728457,3.64112832912543,4.69435934263378,0,3.25738533778326,3.99331414847133,4.21645039767277,0.66147146841338,2.74297821442728,0,0.444949111864697,0.63326568993501,25.0963269290525,0,2.00041630738964,0.20087792435814,1.43451375463251,0.123720026066602,0,0.113180137905212,0,0,0,2.83495987557856,0,0,3.20363200106471,1.87660453919743,8.25974324225678,1.98244669572435,0,2.02803609225996,2.36501495735083,0,2.82872467948347,0,0.453114882240266,2.60964006193011,1.54947991856078,0,0,0,0,0,0,3.23837960631582,0,0,0.253878209900748,0.234861062308718,0,0,0,1.08827846656466,3.13209613243881,2.34561342914764,0,0,0,1.60176915476497,0.170861922121252,0,0,0,0,0,0.297409964906247,1.0659389541914,0,0,0,0,0,0,0.263084521828758,0.407328757154599,5.45094452175769,2.5360301426171,1.40624171317706,0.944226732156763,0,1.316833539144,0,0,0,0,0.835552897697611,0.742090431965978,0,0.790667218363469,0,0.494707291297126,0.19280924865023,0,0.460295651476252,0.171594641694381
"19","g__Oscillibacter",0.201206635437248,0.364049477985571,0,2.54607032893521,0.269980400171217,0.186008055143262,0.210117098017211,0,0.405655247526405,0.816952054071838,0.440860743233273,0.492367920156053,0,0.611720802554817,1.29860366159536,0.261864478308629,0.180061884606244,1.81213863145521,0.128469567606039,4.61570878847939,0,0.268833620678158,0.214151635939804,0,0.198756669960176,0,0.618085286628545,3.06504661396756,0.492347924257692,0,0.160627915521317,0.595271018883261,0.380780179367347,0.312579098096561,1.14938758920563,0.457544971591121,0.124785180102089,1.01214028985111,1.53729703323101,0,0,0,2.22718998691198,0.248905672468998,1.24848587658276,0.361003387059415,0,0,0.611025510636155,0.587022032266618,0.277522429462881,1.48679438810227,0.216066711413794,0.251170611085513,0.586448803712652,0,0.364547561306505,0,0.679918383664512,0,0,0.195909751317066,3.28364851530983,0,0.310340715917703,0.767261006864215,1.15573940261669,0.532331995827359,1.35901524137309,0.550673090633768,0.197553587934672,1.42774401634108,1.16697809702917,3.16382982999076,0.107077826193302,0,0.147253934755908,0.6238586249187,0,0,0.904323131970166,0,0.629870533859681,0.642169165419022,0.147754279619775,0.28421565879963,0.551937604635526,0.167626431606298,0,0.32188897235758,0.515635563008079,0.231193395649596,0.215311704766167,0,0.851111200256739,0.767319435501288
"20","g__Coprobacillus",0.197338633033849,0.274749199968061,0,0,0,0.341970282842875,0.122699127208997,0,0,0.664703679906812,0,0,0,0.342992969580493,0.163387081746509,0,0,0,0,0.170116707413123,0,0,0,0,0.238809607396764,0,0,0,0.523980619795713,0.976301208537375,0,0,0,0.158118319649206,0.10793963469139,0.126190173055924,0,0,0,0,0,0.108197632039911,0,0,0.132277967050541,0,0.146649089392088,0,0,0,0,0.14942298672345,0,0,0,0,0,0,0,0,0,0.376686830147825,0,0,0,0,0.163746740784952,1.22773872744885,0.129512227483852,0,0,0,0.335465553178913,0.520366946666131,0,0,0,0,0,0,0,0,0.41183919787588,0,0,0,0,0,0,0,0.289775590965762,0,0,0,0,0
"21","g__Clostridium",0.148434592230452,0.28516756573677,0.801356572523447,0.80339923890822,0.69840481853262,0.366978245188662,6.84310532139664,1.58696856975091,0.56335533346878,0.54970596398413,0.157216357372037,0.344250296059277,0,0.456394302768571,6.21197564189685,0.260686042831799,0.395841094333079,0.583849343548305,3.60921994112912,0.673807992894027,0,0.579262297440951,2.11646291204368,0.60981097814975,0.364316854123261,0,0.628172612467391,1.5967426124653,11.3563287411293,0.156483802814918,4.27919240719212,0.666954610030685,1.20748591714632,0.550359468977268,4.13001650433132,0.37025371385081,0,0.606903802446734,0.570412550122362,0,0.368366767849674,0.191037385203146,1.28065028908981,1.10153314542379,0.684943704642326,0.254846626865173,0.798597968037607,0,0.929582360210456,0.896408828259933,0.596530898974225,0.272239015687253,0.382501501119382,0.19231917251213,0.638626693284016,0,0.594714105566601,0.327079031449876,0.570084254404747,0,0,0,0.290549441103538,0,1.36689912302122,0.357002779350497,8.29398034356079,3.23246171071662,0.919914191123675,0.899740323380737,0.290360549655805,0.975275561719454,0.330045590915902,3.65387243278003,0.269204405108089,0.382115420114586,0.529030111797533,0.557037834354279,0.189587384528952,0.134212694964504,0.474977981203179,0,4.68915884136735,0.794165431571512,0.573274950952853,0.446348801643614,0,0.278992683868472,0,0,1.17107963437975,0,1.07069662395792,0,0.440939906931964,2.16415773434744
"22","g__Subdoligranulum",0.144465860597798,0.410851673243847,0,1.86765257359984,1.27245009124058,0.416268717306145,0.604448927658132,2.47562231346329,0.853804169004388,5.35151377148897,0.540588811471058,0.389288913732696,0,1.63779998795809,0.623918337013798,0.888218042391043,0.744283220825599,1.95247641753206,8.44772304343388,1.04674302534556,2.9086335440746,1.0323957097728,2.14856955883395,1.03076439136875,0.372198757474236,6.30605120959142,1.4748838170602,2.51524522939068,0.805990223023575,0.396284140869019,1.02502705362524,1.73794675425465,0.524788934712909,1.58458953294103,1.02796681829591,0.716995105052213,7.21905375257269,1.7876351903578,4.54898475620246,0.977883330024219,6.85873131435379,0.231162263219802,2.45961518210401,2.3244144733823,3.30404141536922,1.68031417171125,0.278227640431614,4.61907923141125,1.40968530018876,1.02494235735436,1.32443425810192,0.788170835960871,4.23311645248955,1.249631675161,1.0973299773731,1.04425534630601,2.01546411377894,12.180608745071,1.48952927699114,0.375738391303505,0.35047697529577,0.316578728131075,0.939460598688099,3.26312689274253,0.832041249862986,4.62089167942515,1.52729845600745,3.66481455770295,1.22239710432178,1.53608862343275,11.7999049260134,0.413661615212603,0.410050256098235,5.21300389855713,9.8901541344945,0.792302695320827,2.03192496739025,0.838138006468132,0.918384158508484,0,1.54806408202074,0.508393691801673,4.7856112162512,0.977584968071247,3.63658173734198,0.397710869868846,7.71680017634279,3.10334200117438,3.55154468095023,0.779479289275255,2.59821361823696,0.36809682358844,6.87603871508361,0.304844040643192,0.544919367779204,0.770858713239272
"23","g__Eggerthella",0.127644079312181,0.335127451006026,0,0.425015484409344,0,0.179277467372519,0.420777602322398,0.109162897803965,0.733400399683816,0.914424777284876,0,0.199481155928843,0,1.86842867818327,2.59454384037436,0.612997962011672,0,0.396166997249038,0,0.759127477453862,0,0.266266519820475,0,0.805885002494012,0.357078371453998,0,0,0.460690368352034,1.96576188040991,0.47137262759611,0.88112639584392,1.46803763171923,0.143887891933606,1.11249541676928,1.38538795742174,0.486658818498747,0.182254683337511,0,0.706154640753774,0.449473448983513,0,0,4.8911788746308,0.140922093218913,1.29019061328501,0.949748477372116,0,0,0.362104056552771,0.164133458236199,0.642730802940603,0,0.11647118443797,0.469311531791404,0,0.122711317035911,0.399928434599279,0.103869284345764,0,0,0,0,0.223108712325928,0,0.201421614399504,0.927732054826736,1.5303218745436,0.376937152478592,0.151402042126,0.418254081421574,0,0,0.169444079489167,0.529450182870463,0,0.147082832002277,1.33823158864891,0,0,0,0.108606941604973,0,0.48874421255647,0.251205453875006,0.118398326328894,0.145049031600377,0,2.71913495408011,0,0,0.544453358177461,0.189426760748961,0,0,0,0
"24","g__Erysipelotrichaceae noname",0.106017513791091,0.179736922185467,0,0,0,0.223842422028206,0.348081916686558,0,0.168828663435727,0.177279771435508,0,0,0,0.102658260959394,0.414427875347798,0,0,0,0.104879697203205,0,0,0,0,0.157351067547169,0,0,0.121621739979143,0,0.134635026463475,0.460026369990195,0,0.307055629992979,0,0,0.244058868298857,0,0,0.187237349982199,0,0,0.144582598467348,0,0.140869225098912,0,0,0.291717368965798,0.101819006950922,0,0,0.395146151123156,0,0,0,0,0,0,0,0.202937168494521,0,0.268381694256286,0.419326229998317,0.174730046806644,0,0,0.121314277788937,0,0.334333840450688,1.11323303694972,0,0,0.946487935094976,0,0.115053754483137,0.323439572364455,0.295294433825239,0,0.526743121978869,0.157592406662476,0.128606450548677,0,0,0.345167538989986,0.409159965240218,0,0,0,0.314120660616503,0,0,0.472936058072784,0,0,0.180140305528656,0,0,0
"25","g__Eubacterium",0,0.257552862647122,1.98827726947442,1.42352984596646,0.832952493748331,0.706268383799475,0.188310404942341,2.74965044047667,5.86383547076748,0.977309756858814,0.32643664721226,15.4557472705079,0,1.42968442753924,0.705933506000726,1.14366659421471,1.27956138040888,2.34300381265202,5.60589438408924,4.33529442604141,12.47726138132,17.5616372447828,1.05099714732795,1.85133428403803,10.6696340424231,6.69284496007099,2.37232359939947,4.41201673375067,28.913198717076,1.72075854157941,6.61913873722272,5.6101905755875,2.59079788283561,2.46112330124042,0.903819638494278,21.3471776463582,8.7364797216547,1.64559965561288,4.67415359127516,4.97657227787875,6.72246719431503,0.221123514654214,10.4640079430746,1.63178988267327,0.527220314402401,4.5971257918887,0,3.16641234302224,10.9959406778675,2.91873198337625,2.9103113199253,4.20981756549552,2.53524841389927,2.32935322711954,1.24489320636007,13.1658436074418,11.8238719634305,4.68610619730916,0,4.59230229169972,3.29332787309467,4.36540373245757,4.04174416425814,3.61933970141581,2.87686425306377,0.701632979156079,1.45346074949842,6.7801905356218,0,5.1589088360342,2.4372331333851,0,11.9495313188003,0.161317873075841,0.779107443207382,0,11.7048038170767,3.03778987417464,4.87112433798683,0,0,1.32870124613936,0.49616980113471,5.44792165184803,18.4074686688994,6.5357434499427,5.94146435032735,0.184054885688769,18.5309378181839,1.51685822061712,0,0.85781389420591,6.89125150154626,0.133243024060923,0.883023106546855,0.792255255927989
"26","g__Acidaminococcus",0,0.205420808453116,0,0,3.49124967414078,0,0,0,0,0,4.96414339988133,5.10285828803579,0,0,0,0,1.40722648095932,1.36041854277096,0,10.7843728048688,0,0,0,0,13.4394293823684,0,2.90868342578874,3.9472406429156,0,0,0,0,0,0,0,9.1928253826887,0,6.48559509115532,2.05774063914777,0,0,0,0,0,0.112134931374328,0,0.245837529355421,0,0,1.60309203923086,3.93014114237212,4.40296920787228,0,0,5.99544233046575,0.924785157359277,0,0,0,0,0,0,14.1057064135169,0,0,0,0,0,0,0,1.80504553092816,0,6.10468416223794,0,0.278414426819583,4.88143289860373,0,4.67242365347302,0,0,0,0.434687399878773,0,0,0.863539222848858,7.49341899723004,1.99373934755184,7.95369002447609,0,1.10964371366936,0,0,1.13345816599352,9.67228386321361,10.4329468870347,0.7969809960895
"27","g__Enterococcus",0,0,0,0,0,0,0,0.727839775928048,0,0,0,0.429963441191722,0,0,0,0,0,0,0,0,0,0,0,0,0,0,0,0,0,0,0,0,0.299006009228123,0,0,0,0,0,0,0,0,0,0.154067566280044,0.356376002647158,0,0,0,0,0,0,0,0,0,0,0,0.143362219845618,0,0.143991676767726,0.131541670590271,0,0,0,0,0,1.34745393953501,0,0,0,0,0,0,0,0,0,0,0,0.166144269161171,0,0,0,0,0,0.100737140185078,0,0,0,0.502431866140674,0.100768544558393,0,0.504923090519787,0.140260670421688,0,0,0,0,0
"28","g__Fusobacterium",0,0,0,0,0,0.343149143275775,1.00137703178605,0,0,0,0,0.130761818313271,0,0,0.115002152395642,0,0,0.420822695525106,0,0.21106403390523,0,0,0,0,0.202144681987317,0,0,0.273914483413225,0,0,0,0,0,0,0,0,0,0,0.176194098815574,0,0,0,0,0,0,0,0,0,0,0,0,0.147111959425595,0,0,0,0,0,0,0,0,0,0.194913651199948,0.288370370504261,0,0,0,0.17919530460088,0.177992801380815,0,0,0,0,0.118556656019787,0,0,0,0,0,0,0,0,0,0,0,0,0.221077851560893,0,0,0,0,0,0,0,0,0,0.350941508206901
"29","g__Rothia",0,0,0,0,0,0,0,0,0,0,0,0,0.236304081761454,0,0,0,0,0,0,0,0,0,0,0,0,0,0,0,0,0.298985958402688,0,0,0,0,0,0,0,0,0,0,0,0,0,0,0,0,0,0,0,0,0,0,0,0,0,0,0,0,0,0,0,0,0,0,0,0,0,0,0,0,0,0,0,0,0,0,0.106773207481056,0,0,0,0,0,0,0,0,0,0,0,0,0,0,0,0,0,0,0
"30","g__Flavonifractor",0,0,0,1.08356170679171,0,0.116032108933959,0,0,0,0.762096013245036,0,0,0,0.502145493215755,0.112811060871236,0,0,0.204440594618776,0,0,0,0,0,0,0,0,0,0.227582792989826,0,0,0,0,0,0.739546792461968,0.17576785885854,0,0,0,0.124082334977235,0,0,0,0,0,0.979734315170493,0,0.14817521985817,0,0,0,0,0,0,0,0,0,0,0,0,0,0,0.163038447452197,0,0,0,0.985709016258113,0.163987810701455,0,0,0.134517710427432,0,0,0,0,0,0,0,0,0,0,0,0,0,0,0,0,0,0.367146343404467,0,0,0,0,0,0,0,0
"31","g__Peptostreptococcaceae noname",0,0,0,0,0,0,0,0,0,0,0,0.116151166051722,0,0,0,0,0,0,0,0,0,0,0,0,0,0,0,0.137274237416503,0.463771916400396,0,0,0,0,0,0,0,0,0,0,0,0.74489107621396,0.110466389215734,0.131742712580045,0,0,0,0,0,0,0,0,0,0,0,0,0,0,0,0,0,0,0,0,1.06104378562002,0,0,0,0,0,0,0,0,0,0.352126120332784,0,0,0,0,0,0,0,0,0.235782506517459,0,0,0,0,0,0,0.198711279119749,0,0,0.149875608071565,0,0,0
"32","g__Escherichia",0,0,13.0376174583066,0.548156638766404,0.930197333908347,35.6220891845198,7.88700892675648,2.568489690746,15.7400609588692,1.16427650820951,1.18614924996517,0.279744216047001,0.717427889055455,37.6061595762054,1.03584354360207,20.3478540085641,1.04436294502643,18.9866638461966,0,2.78776268508402,5.00764713101173,3.20757246619875,1.06728691892101,10.5866467481636,1.76159534549479,22.8577263189524,0.117866677566079,3.29129098062673,0.705471450838709,1.49858111427492,0.257995835274711,15.0284069528348,11.9000403180198,35.9463249799714,0.504083828521959,16.406814269345,7.94310921064331,13.3696041339334,2.17089761205387,0.359343637940611,0.404205629567996,0.907021010398035,0.276914436437852,17.4507904840804,35.0834129949142,18.0804524420229,1.24944903678075,1.27627794488527,0.305352212619539,0.246526746117241,0.365430439872142,21.9571105486941,11.7694694731518,22.8164691814667,0.488419757650806,0.565130318435316,0.356932938377509,0.615515347268064,28.7236096344902,0.51126064636489,14.1551695981951,0,0.168772532543968,5.98394206961405,26.7290142695957,9.14143358431515,3.29941345680399,15.3274992252344,0.400339718682259,0.355212711903552,0.597104132615113,30.241339955349,0.896200797156005,5.50835979261284,3.36250343488515,3.44036738801303,7.47159573757487,4.56596324031322,0,0.602455122567118,38.0989145445237,0.672543557848194,0.858297693853017,0.178741183789889,0.431860030171731,0,0.804634478601009,4.26024838979573,17.1371367932451,0.691783600946455,30.4607511275917,5.61695207200515,0.734869084068593,0.191026219501778,1.5751965661104,16.9533515150321
"33","g__Pseudomonas",0,0,0,0,0,0,0,0,0,0,0,0,0,0,0,0,0,0.610772924531085,0,0,0,0,0,0,0,0,0,0,0,0,0,0,0.699527212548281,0,0,1.94975281891429,0,0.793255631560527,0,0,0,0,0,0,0,0,0,0,0,0,0,27.5446420138332,0,0,0,0,0,0,0,0,0,0,0,0,0,0,0.83421240148025,0,0,0,0,0,0,0,0,0,0,0,0,0,0,0,0,0,0,0,0,0,0,0,0,0,0,0,0,0
"34","g__Acidaminococcaceae unclassified",0,0,0,0,0,0,0,0,0,0,0,0.660626725587918,0,0,0,0,0,0,0,2.16357959780626,0,0,0,0,1.99218123230342,0,0,0.920253640846679,0,0,0,0,0,0,0,1.108639199688,0,0,0.506409646350255,0,0,0,0,0,0,0,0,0,0,0,1.0359498238963,0.737509098413992,0,0,0,0.59807342529842,0,0,0,0,0,0,2.79489402587209,0,0,0,0,0,0,0,0,0,0.780725490052412,0,0,1.16453408470755,0,0,0,0.106259277273609,0,0,0,0,0,1.29052913786174,1.02668494302206,0.695745532178043,0,0,0,0,0,1.1918814107943,0,0.209933465600432
"35","g__Odoribacter",0,0,0.136082635990085,0,0,0.341597480825634,0,1.04332547643287,0.357340935482097,0,0,1.13689577838627,0,0,0,0.439596721250052,0,1.54635482008365,0.246146845079043,0.36903815664115,0,0.80031374785795,0.166429346461206,0.343910653781994,0.424335939589232,0,0,0.586140162621818,0,0,0,0.231563690644047,0.774160369431105,0,0,0.554048071738128,0.12806053990187,0,0.738950847339292,1.0092328295174,0,0,0,1.06527360804839,0,0.174416914759692,0.10441945294247,0,0.851789388850069,0,1.5202160665642,0.431870714300356,0.342046157888209,0.321176239521932,0,0.491748368849608,1.0000169771936,0.283453730708085,0,1.19430808538415,1.50130769366051,0,1.29140560497125,0,0.650576270397762,0,0,0,0,1.56668547799175,0.176031964849628,0,0.485056511638014,0,0.147964283233835,0.587767676562306,0.369313593756659,0,2.37750021325178,0,0,0.39759830542799,0,0.766396496817365,0.284668356090727,0.579090033266254,0.295634085496834,0.224960431712075,0,0.935397241783802,0,0.88305735396724,0.110521446660582,0.493609178584241,0,1.82814755409766
"36","g__Prevotella",0,0,0,0,37.6003626290161,0,0,0,0.757979778158292,0.578827196135819,50.4769277888626,8.09310474751677,0,0,0,1.10266308287987,40.2588146223658,0.866060252224683,0,0,0,0,0,1.38888622919132,0,0,2.94570048877221,0.426213311142963,0,0,0,0.398194036952866,0,0,0,0,0,1.16376561309138,0.596377890366909,0,0,0,0,0,0,0.426306640867205,0,0,0.101794104791838,28.907805628607,0.671013986448096,0,0,0.300357769633161,18.5982643561343,4.26692004327659,0,0,0,59.0458718767556,53.5017498724967,0,0,0,0,0,0.514141864422681,0,0,0.107555926872815,0,0,0,0,0.514281573011315,0,1.00900580321148,14.7977559082812,14.9907429570954,0,0,58.3047593019178,0,0,0,0,5.17433696664216,0,0,19.5824311349823,0.285032913378611,0,2.6247838110212,0,22.6421393613607,0.160283029605656
"37","g__Actinomyces",0,0,0,0,0,0,0,0,0,0,0,0,0.300896145684748,0,0,0,0,0,0,0,0,0,0,0,0,0,0,0,0,0.349500945722642,0,0,0,0,0,0,0,0,0,0,0,0,0,0,0,0,0,0,0,0,0,0,0,0,0,0,0,0,0,0,0,0,0,0,0,0,0,0,0,0,0,0,0,0,0.131879458430592,0,0,0,0.201989260983273,0,0,0,0,0,0,0,0.283282836942766,0.17186150040459,0,0,0,0,0,0,0,0
"38","g__Anaerostipes",0,0.185941682493666,0,0,0,0,0,0,0.118996361146165,0,0,0,0,0.149053834370622,0,0,0,0,0.188144583635764,0,0,0.12642971724086,0.171812316073487,0,0.16215206523964,0,0.107416932834819,0,0,0,0,0,0,0.112971801462635,0,0,0,0.130835708307011,0,0.973412007179839,0.374039829317295,0,0,0,0,0,0,0.262556938711002,1.73619904725936,0,0,0,0,0,0,0.178362389427862,0.613820982625902,0.450818261265021,0.146123912474791,0,0,0.440618346755531,0,0,0,0,0.123739179225237,0.330667055379654,0,0.60361257774734,1.45034177667447,0,0,0.625095454362767,0,0,0,0,0,0,0,0,0.366603315023571,0.152919889434262,0.10694528500391,0,0,0,0,0,0,0,0,0,0,0
"39","g__Holdemania",0,0,0,0,0,0,0.211445424498929,0,0.194413333463351,0,0,0,0,0,0.181870647404225,0,0,0,0,0.19885114476753,0,0,0,0.208561724362898,0,0,0,0,0,0,0.174872220940536,0.164494447317497,0,0.140945962742718,0.221150997277112,0.133833186406458,0,0,0,0.153913985011724,0,0,0.268159001900521,0,0,0.21103621972106,0,0,0.16310134779609,0,0,0,0,0.102028622980027,0,0,0.131156354829776,0,0,0,0,0,0.12463882155862,0,0,0,0.281167879281829,0,0,0.112144952975034,0,0,0,0,0,0,0.163323312556652,0,0,0,0,0,0,0,0,0,0,0,0,0,0,0.117638151739203,0,0,0,0
"40","g__Enterobacter",0,0.178499992658874,0,0.177988998853867,0,0,0,0,0,0,0,0.870646053278704,0,0,0,0,0,0,0,0,19.1068721862231,0.404147913543653,0,0,0,0.876015545056759,0,0,0,0.10943908045422,0,0,0,0,0,0,0.671418617607269,0,0.417256277405204,0,0,0,0,0,0,0,0,0,0,0,0,0,0,0,0,0,0,0,0,0,0,0,0,0.879145097317158,0,0.103329663506105,0,0,0.354984343914782,0,0.119789595907345,0,0,0,0,0,0,0.140766448556495,0,0.611084089586016,0,0,0,0,0,0,0.300852639127345,0,0,0.139979672918784,0,0,1.58889661649732,0.219314862139345,0,0
"41","g__Pediococcus",0,1.94652482135419,0,0.223434068395684,0,0.225263099985803,0,0,0,0,0,0,0,0,0,0,0,0,0,0,0,0,0,0,0,0,0,0,0,0,0,0,0,0,0,0,0,0,0,0,0,0,0,0,0,0,0,0,0,0,0,0,0,0,0,0,0,0,0,0,0,0,0,0,0,0,0,0,0,0,0,0,0,0,0,0,0,0,0,0.296580418998848,0,0,0,0,0,0,0.685705857735781,0,0,0,0,0,0,0,0,0
"42","g__Clostridiales noname",0,0,0,0,0,0,0.162800498645711,0,0,0,0,0,0,0,0.101654585678161,0,0,0,0,0,0,0,0,0,0,0,0,0,0,0,0,0,0,0,0.120827198494137,0,0,0,0,0,0,0,0,0,0,0,0,0,0.109389781216424,0,0,0,0,0,0,0,0,0,0,0,0,0,0,0,0,0,0.169210992225696,0,0,0,0,0,0,0,0,0,0,0,0,0,0,0,0,0,0,0,0,0,0,0,0,0,0,0,0,0
"43","g__Parasutterella",0,0,0,0,0,0,0.353304654898767,0,0,0,0,0,0,0,0.13293291973298,0,0,0,0,0,0,0,0,0,0,0,0,0,1.11526869792948,0,1.21494777506865,0,0,0,0.19084862243412,0,0,0,0,0,0,0,1.71674715047212,0,0,0,0,0,0,0,0,0,0,0,0,0,0,0,0,0,0,0,0,0,0,0,0,0.431891049532094,0,0,0,0,0,0.378180137454282,0,0,0,0,0,0,0,0,0.830281148838899,0,0,0,0,0,0,0,0,0,0,0,0,0
"44","g__Methanobrevibacter",0,0,0,0,0,0,0,0,0,0,0,0,0,0,0,0,0,0,0,0,0,0,0,0,0,0,0,0,0,0,0,0,0,0,0,0,0,0,0,0,0,0,0,0,0,0,0,0,0,0,0,0,0,0,0,0,0,0,0,0,0,0,0,0,0,0,0,0,0,0,0,0,0,0,0.979060537523038,0,0,0,0,0,0,0,0,0,0,0,4.43589147906907,0,0,0,0,0,1.29903924164913,0,0,0
"45","g__Burkholderiales noname",0,0,0,0,0,0,0,0,0,0,0,0,0,0,0,0,0,0,0,0,0,0,0,0,0,0,0,0,1.73097005793429,0,2.16628040171555,0,0,0,0,0,0,0,0,0,0,0,2.78914245884294,0,0,0,0,0,0,0,0,0,0,0,0,0,0,0,0,0,0,0,0,0,0,0,0,0.746806796092431,0,0,0,0,0,0.712280454965636,0,0,0,0,0,0,0,0,1.30082263479952,0,0,0,0,0,0,0,0,0,0,0,0,0
"46","g__Weissella",0,1.20090772525844,0,0,0,0,0,0,0,0,0,0,0,0,0,0,0,0,0,0,0.591085989091091,0,0,0,0,0,0,0,0,0,0,0,0.122505139968392,0,0,0,0,0,0.10384124060605,0,0.235975216365937,0,0,0,0,0.334914269490125,0,0.284812981357321,0,0,0,0,0,0,0,0.416078564142126,0,0,0,0,0,0,0,0,0,0,0,0,0,0,0,0,0,0,0,0,0,0,0,0.561911074261031,0,0,0,0,0,0,0,0,0,0,0,0,0.313707163010386,0,0,0
"47","g__Bradyrhizobium",0,0,0,0,0,0,0,0,0,0,0,0,0,0.183810240493791,0.25988556672733,0.284627419997828,0.181667608691463,0.477820809569903,0.543806469952743,0,0,0.214192477812878,0.158349861230062,0,0.269462570811462,0.129988558912337,0,0.256535067826515,0,0,0,0,0.136384288441338,0,0,0.124601230806734,0,0,0,0,0.19965354090569,0,0,0,0,0.116133785879954,0.276450501665189,0.770453308220445,0.505227872299521,0,0.114687198790909,0,0,0,0,0,0,0.190817910974189,0,0.767795322105763,0,0,0,0,0,0,0,0,0,0.11869209743597,0.231720172148803,0,0.252530093587693,0.141161930790563,0.173853000001007,0.123157841126385,0.137451110555204,0,0.172738981638568,0.114414457551984,0,0,0.125933968455297,0,0,0,0,0,0,0,0,0,0,0,0,0
"48","g__P2likeviruses",0,0,0,0,0,0,0,0,0,0,0,0,0,0.111981676970417,0,0,0,0,0,0,0,0,0,0,0,0,0,0,0,0,0,0,0,0,0,0,0,0,0,0,0,0,0,0,0,0,0,0,0,0,0,0,0,0,0,0,0,0,0,0,0,0,0,0,0,0,0,0,0,0,0,0,0,0,0,0,0,0,0,0,0,0,0,0,0,0,0,0,0,0,0,0,0,0,0,0
"49","g__Anaerotruncus",0,0,0,0,0,0,0,0,0,0.412701519830876,0,0,0,0,0,0,0,0.389724604781299,0,0.479396072632141,0,0,0,0,0,0,0,0,0,0,0,0,0.162591504933796,0,0,0,0,0.135384065494733,0,0,0,0,0.702721405683511,1.18388446219951,0.118131559377836,0.127227192463966,0,0,0.122504112903258,0,0,0.265436557075743,0,0,0,0,0,0,0.933987065320303,0,0,0,0.243563858919137,0,0.766324753016586,0.514242258530335,0,0,0.241249644453607,0.258752789063457,0.128767014525685,0.124730527598174,0.151277168940926,0.337607009364575,0,0,0,0.271982757015755,0,0,0.146781914221752,0,0.128823927253315,0,0,0,0,0.104050221091666,0,0,0.431131498372619,0,0,0,0.171333440308087,0
"50","g__Adlercreutzia",0,0,0,0,0,0,0,0,0,0,0,0,0,0,0,0,0,0,0,0,0,0,0,0,0,0,0.431107339717476,0,0.438071608137466,0,0.471097480004443,0,0,0,0.306122397650258,0,0,0.308372579685306,0,0,0,0,0.44174326418245,0,0,0,0,0,0,0.412981283560821,0,0,0,0,0.167935914936418,0,0,0,0,0,0,0,0,0,0,0,0,0.346538833100075,0,0,0,0,0,0.183965676620715,0.193189012796394,0,0,0.198912612394029,0,0,0,0,0.457637017161137,0,0,0,0.23600354700456,0,0,0,0,0,0.426500975659441,0,0.144827102053915,0
"51","g__Mitsuokella",0,0,0,0,0,0,0,0,0,0,0,0,0,0,0,0,0,0,0,0,0,0,0,0,0,0,0,0,0,0,0,0,0,0,0,0,0,0,0,0,0,0,0,0,0,0,0,0,0,0,0,0,0,0,0,0,0,0,0,1.69001386774407,0.115870954126458,0,0,0,0,0,0,0,0,0,0,0,0,0,0,0,0,0,0,0,0,3.70454188793531,0,0,0.101530206693238,0,0.990265886314917,0,0,1.23089314623849,0,0,3.46704732483703,0,0,0
"52","g__Solobacterium",0,0,0,0,0,0,0,0,0,0,0,0,0,0,0,0,0,0,0,0,0,0,0,0,0,0,0,0,0,0,0,0,0,0,0,0,0,0,0,0,0,0,0,0,0,0,0,0,0,0,0,0,0,0,0,0,0,0,0,0,0,0,0,0,0,0,0.452658991134453,0,0,0,0,0,0,0,0,0,0,0,0,0,0,0,0,0,0,0,0,0,0,0,0,0,0,0,0,0
"53","g__Olsenella",0,0,0,0,0,0,0,0,0,0,0,0,0,0,0,0,0,0,0,0,0,0,0,0,0,0,0,0,0,0,0,0,0,0,0,0,0,0,0,0,0,0,0,0,0,0,0,0,0,0,0,0,0,0,0,0,0,0,0,0,0,0,0,0,0,0,0.879282431286536,0,0,0,0,0,0,0,0,0.265489896648468,0,0,0,0,0,0,0,0,0,0,0,0.187617562047521,0,0,0,0,0,0,0,0
"54","g__Clostridiaceae noname",0,0,0,0,0,0,0,0,0,0,0,0,0,0,0,0,0,0.102265454265938,0,0,0,0,0,0.116400684031658,0,0,0,0,0,0,0,0,0,0,0,0,0,0,0,0,0,0,0,0,0,0,0,0,0,0,0,0,0,0,0,0,0,0,0,0,0,0,0,0,0,0,0,0,0,0,0,0,0,0,0,0,0.143496017564888,0,0,0,0,0,0,0,0,0,0,0,0,0,0,0,0,0,0,0.156924737661092
"55","g__Citrobacter",0,0,0,0,0,1.85780343640839,0,0,0,0,0,0.107282208519247,0,1.00145167399619,0,0,0,0,0,0,0,0,0,0,0,0,0,0,0,0,0,1.08618523704902,0,0,0,0,0.222402958674705,0,0.99838292569124,0,0,0,0,1.34807384667902,0.106923096968594,2.36469589231169,0,0,0,0,0,0,0,0,0,0,0,0.245414964786712,0,0,0,0,0,0,0,0,0,0,0,0,0,0,0,0,0,0,0,0,0,0,0.241952634249241,0,0.363763529121352,0,0,0,0.117890954795841,0,0,0,0,0,0,0,0,0
"56","g__Bacteroidales noname",0,0,5.46228718151531,6.43533963074549,0,0,0,3.32933267078957,0,3.23027619348315,0.113339221789578,0,0,0.810029659739617,0,0,0,0,0.104990542386644,0,0,0,0,0,0,0,0,0,0.510074701827155,0,2.57780713089833,0,1.50246314597591,1.65575081533527,0,0,0.344053438600316,0.138443137585591,0,0,0,0,5.05506496371961,0.524902844969797,1.8768741349034,0,0,0,0,0,0,0,0,0,0.361289757513576,0,0,0.27588422767213,0,0.743086400537145,0.783631343444824,0,0,0,0.958871180523207,1.17647224636111,0,1.19322438728262,0,0,0,0,0,1.88481170370966,0.431804067105325,0,0,0.128549514859927,0,0,0,1.07699943000869,1.06750863475537,0,0.178416281482803,0,4.75629858266904,0,0,4.20777611286752,0,0,0.706404180912106,0,0.265253931322208,0
"57","g__Faecalibacterium",0,0,1.84136942231998,0,1.92501335620516,0,0.768034346497586,6.73415150048972,9.46460886166515,0,1.41410342527944,8.86149634597944,0,0,1.60346690984432,7.63314961154939,1.84603073034754,2.09056639066066,14.6056465947201,0,21.8446425809261,15.7694498753001,12.3835568087422,8.89651365387381,0.169370441012599,22.5687285932739,4.9908907018111,13.0686060229386,0,0,0,5.13537619981859,7.34304652143518,0,4.83866148414231,1.91806448329911,18.0035174952942,1.21063784269406,9.1140658101156,10.6418890404561,6.98326708391162,0,0,2.82156161363898,0,6.65377095866846,0,21.1865155937622,21.3649219822689,7.85150760123297,9.70181833010715,0,7.47210692030609,3.94312692008355,1.69932821597832,2.93294999049737,22.2186660526749,6.31029808743219,0,4.78423604968352,3.85088523700534,0,0.170258718943474,9.7383434860447,3.89307816652879,0,4.38895907818078,0,0,8.79564675143144,7.86183077676737,0,0.951404116501487,0.108245247377517,1.65516672152417,0.794376127428709,1.55698669848437,1.92824272289891,6.26065880784291,0,0,11.0322585762507,17.4337667602558,16.8533038255774,10.8213860028564,0.181178055554634,3.61978222713765,0.88999669724848,19.0636584705316,7.40767447746144,0,3.96161018190514,6.30116028415032,1.26378380442549,1.09131298138639,1.48256523632924
"58","g__Coriobacteriaceae noname",0,0,1.0886008921218,0,0,0,0,1.13722828777708,0,0,0,0,0,0,0,0,0,0,0,0,0.17889371739215,0,0,0,0,0.161244619557151,0,0,0,0,0,0,2.09332407922476,0,0,0,0.124684708942586,0,0,0,0,0,0,1.09887632669853,0,0,0,0,0,0,0,0,0,0,0,0,0,0,0.167238516333769,0,0,0,0,0,1.26668472457989,0,0,0,1.32731967299166,0,0,0.391484842924745,0,0,0,0,0,0,0,0,0.470760919899084,0,0,0,0,0,0,0,0.103586803571615,0,0.242208142453958,0,0,0,0,0
"59","g__Paraprevotella",0,0,0.888961525152865,0,0,0,0,2.59748184446795,0,0,0,0,0,0,0,0,0,0,0,0,0,0,0,0,0,0,0,0,5.39539562286346,0,7.38726567137473,0,0.684832236044632,0,0,0,0,0,0,0,0,0,6.22265681805645,0,0,0,0,0,0,0,0,0,0,0,0,0,0,0,0,0,0,0,0,0,0.721086371012296,0,0,3.40378856623636,0,0,0,0,0,6.16546762589928,0,0,0,0,0,0,0,0,4.34680910417298,0,0,0,0,0,0,0,0,0,0,0,0,0
"60","g__Coprococcus",0,0,0.434011709888755,0.11028901917794,2.09896585960858,0,0,1.34652670681001,0.218389537005938,0.178515765760787,2.054962742104,0.929661826247066,0,0.123882624837621,0,0.194502286265546,1.16172130410487,0.261238011078908,0.338642112241631,0,0.70295109806208,1.01284162120842,0.170222579253411,0.376636692491042,0,1.18168854020301,1.201921987924,0.730317862164831,0,0,0,0.244630959473029,0.515019142246466,0.155937862394257,0,0,0.980166490758412,3.00995587087254,1.24726186885662,0.453904580161876,0.480993131773349,0,0,0.372638953632073,0,0.477821081958148,0,0.105698602897791,0.62809320627449,2.95241275178811,0.304745750633369,0,0.205312123275321,0.353692515025187,0.209205991971204,0.203157521032714,2.83509087469817,0.455378081577903,0,0.221897972753063,0.220315605144349,0,0,0.921832214047184,0.641560685068155,0,0,0,0,0.281256087739769,0.667402055959847,0,0.258763050190155,0,0,0,0.172995163772147,0.563337505271949,0.638394152605997,0,0,0.483132142901249,0,0.513655017267238,0.119784747120866,0.206185815803517,0,0,1.32104314884596,0.825456254594684,0,0,0,0,0.263328385750963,0
"61","g__Roseburia",0,0,0,2.07144640724997,2.20014313668065,0,0,0,1.73877237615637,0.967220827569547,2.96400698699186,0,0,1.44983146364945,0,1.56876956630956,6.88666959978933,0.109450427796937,4.60615144414647,0.193005831051954,6.5624012825591,3.14106850960442,8.4404561055553,4.44966282706007,0.309213904803497,1.76972338990506,0.321093071487026,0.137304427484112,3.07177002125403,0,4.82551228483384,3.37871010440415,0,0.237006660241854,0,1.71619842147638,2.03518399534618,2.78498325661167,0,6.64768146336248,4.91334398608209,0,0.380776154729489,0,0.1466155423945,0.580849964140035,0.447728525486881,15.1172635989399,2.12875604694108,3.01616707027655,0,1.9801585244151,1.3470071388353,1.35372402460485,0.919737469839545,0,5.41761334612349,2.76378459851738,0.16323870084787,1.31591335940749,1.58411573026086,0,1.03335142865693,2.94635786630492,0.494152354968164,0.818160731989591,0,3.65462489648459,0.454697919554279,2.28276434095761,4.03687613237894,0.114953454903981,5.70239248174953,1.54274345886419,0,0.847510341494268,0.751301342543622,4.41670330572716,0.648587890081867,0,0,0.756521139327985,4.13445733999362,5.8658210293159,1.19818905314292,1.53559915506551,0.52702354454237,0.394222683730983,6.54865084014603,1.0996709905234,0,0.171431722540504,1.49111449597565,0.984203581754177,0.668705872913992,0
"62","g__Candida",0,0,0,0,0,0,0,0,0,0,0,0,0,0,0,0,0,0,0,0,0,0,0,0,0,0,0,0,0,0,0,0,0,0,0,0.553364223175185,0,0,0,0,0,0,0,0,0,0,0,0,0,0,0,0,0,0,0,0,0,0,0,0,0,0,0,0,0,0,0,0,0,0,0,0,0,0,0,0,0,0,0,0,0,0,0,0,0,0,0,0,0,0,0,0,0,0,0,0
"63","g__Barnesiella",0,0,0,4.61964870227124,0,0,0,0,0,2.25174049103341,0,0,0,0.729230077138682,0,0,0,0,0.801350215256308,0,0,3.26146152873463,0.173583162151546,0,0,0,0,0,0,0,0,0,0,0.642802818035014,0,0,0,0,0,5.73505935103321,0.416809079956169,0,0,0,3.70189152361539,0,0,0.362070513941605,4.57852725352783,0,0,0,0,0,0,0,4.29004641203086,0.638737213629695,0,0,0,0,0,0,0,1.34972862875979,0,0,0,10.0435505606243,0.722143150632621,0,0,0,0,0,0,0,1.84726453928441,0,0,0,0,4.23320644556531,0.519596354637598,0,0,0,0,0,0,0,0,0,0,0
"64","g__Phascolarctobacterium",0,0,0,0,3.51225954807751,0,0,0,0,0,4.80906665557684,0,0,0,0,0,3.62429990429884,0,1.03244226905734,0,0,0,0.890705392387294,0,0,0,2.21112772980705,0,0,0,0,0,0,0,0,0,0,1.66634901959758,0,0,0.890731002134238,0,0,0,0,0,0,1.15381439707495,0,2.68144936224078,0,0,0,0,2.86159045391838,0,0,0.461357183710027,0,0,0,0,0,0,0,0,0,0,0,0,2.00633719103725,0,0,0,0,0,0,3.14904045244116,0,0,0,0,0,0,0.754333469162385,0,0,0,0,0,0,0,0,0,3.7536003690629,0
"65","g__Sutterella",0,0,0,0,1.78313384848592,0,6.75536533204741,0,0.203209634553399,0,1.35804154485689,7.3051853536708,0,0,2.64688881587484,0.199256316565237,0.850692548797955,4.02175882933902,0,14.3345572335556,0,0,0,0.293697803505284,5.42577559336456,0,0,3.6970454892869,0,0.730465627075872,0,0,0,0,0.823858391730631,3.22602542589183,0,0,4.45587773413222,0,0,6.60112970053108,0,0,0,0,0,0,0,1.30545131074156,1.16563659823758,2.93600946275247,0,0.255408800555132,0,0.182897961862258,0,0,0,3.271786782606,2.76348708259951,3.11421143080223,10.1110482494431,0,0,0,8.35725115206309,0,0,0,0,0,5.41344827132813,0,0.775030876220328,2.47392659124339,0,0,0.254026727959496,9.85257671943005,0,2.46874410442538,0,0,0,13.0069312823551,0,0.233852069046876,0,0.320723981536904,0,0.242091231113653,0.546695059846177,1.86129219303808,0.76649751283697,0.81110794274253
"66","g__Desulfovibrio",0,0,0,0,0.191130514262174,0,0,0,0.116272021037133,0,0.168045009422836,0,0,0,0,0.134734456184258,0.173689167143032,0.125104839400789,0,0,0,0,0,0,0,0,0.318425265751203,0,0,0,0,0.263310000651852,0,0,0,0,0,0.148274431772328,0,0,0,0,0,0.242968085166337,0,0.310474579554359,0,0,0,0.310009769633391,0,0,0,0.114743191388885,0.37775742639396,0,0,0,0,0,0,0,0,0,0,0,0.102766096489439,0,0,0,0,0,0,0,0,0,0,0.339296652811751,0,0,0,0,0,0,0,0,0,0,0,0,0,0,0,0,0.639531851732991,0
"67","g__Oxalobacter",0,0,0,0,0,0,0,0,0,0,0,0,0,0,0,0,0,0.724177094745918,0,0,0,0,0,0,0,0,0,0,0,0,0,0,0,0,0,0,0,0.10688639391148,0,0,0,0,0,0,0,0,0,0,0.223525605958382,0,0,0.111793433547515,0,0,0,0,0,0,0,0,0,0,0,0,0,0,0,0,0,0.304673174983482,0,0,0,0,0,0,0,0,0,0,0,0,0,0,0,0,0,0.101139865756348,0,0,0,0,0,0,0,0
"68","g__Ruminococcaceae noname",0,0,0,0,0,0,0,0,0,0,0,0,0,0,0,0,0,0.221891249605378,0.166036007957072,0,0,0,0,0,0,0,0,0.125047260035002,0,0,0,0,0,0,0,0,0,0,0,0,0.112586129445181,0,0,0,0,0,0,0.124806818454956,0,0,0,0,0,0,0,0,0,0,0,0,0,0,0,0,0,0,0,0,0,0,0,0,0,0,0,0,0,0,0,0,0,0,0,0,0,0,0,0,0,0,0,0,0,0,0,0
"69","g__Akkermansia",0,0,0,0,0,0,0,0,0,0,0,0,0,0,0.278580200834645,0,0,15.4267302289297,0,14.5084703818356,0,0,0,0,7.26793927234751,0,0,0,0,0,0,0,0,0,0,1.32113508402588,0,0,0.284904469479106,0,0,0,0,0,0,0,0,0,0,0,2.93808980708184,10.0971596067797,0,0,0.967546180106249,4.19388929952098,0,0,0,0,0,0,0.633175656989786,0,0,0,0.442915748675773,0.556134642870445,0,0,0,0,3.49936852421152,8.59546441059443,0.251639937472508,0,0,3.0613582915695,0,0,0,0,0.272278270921596,0,0,9.78957784748846,0.929809244738277,1.25946128921315,0,0,0,0,0.179848718742525,0,2.56874799422336,0.415583600756601
"70","g__Proteus",0,0,0,0,0,0,0,0,0,0,0,0,0,0,0,0,0,0,0,0,0,0,0,0,0,0,0,0,0,0,0,0,0,2.45589824238063,0,0,0,0,0,0,0,0,0,0,0.109689997473568,0,0,0,0,0,0,0,0,0,0,0,0,0,0,0,0,0,0,0,0,0,0,0,0,0,0,0,0,0,0,0,0,0,0,0,0,0,0,0,0,0,0,0,0,0,0,0,0,0,0,0
"71","g__Synergistes",0,0,0,0,0,0,0,0,0,0,0,0,0,0,0,0,0,0,0,0,0,0,0,0,0,0,0,0,0,0,0,0,0,0,0,0,0,0.110176908956581,0,0,0,0,0,0,0,0,0,0,0,0,0,0,0,0,0,0,0,0,0,0,0,0,0,0,0,0,0,0,0,0,0,0,0,0,0,0,0,0,0,0,0,0,0,0,0,0,0,0,0,0,0,0,0,0,0,0
"72","g__Pantoea",0,0,0,0,0,0,0,0,0,0,0,0,0,0,0,0,0,0,0,0,0.101281644483437,0,0,0,0,0,0,0,0,0,0,0,0,0,0,0,0,0,0,0,0,0,0,0,0,0,0,0,0,0,0,0,0,0,0,0,0,0,0,0,0,0,0,0,0,0,0,0,0,0,0,0,0,0,0,0,0,0,0,0.115876140049344,0,0,0,0,0,0,0,0,0,0,0,0,0,0,0,0
"73","g__Catenibacterium",0,0,0,0,0,0,0,0,0.105957729701832,0,0,0,0,0,0,0.262911976510256,0,0,0,0,0,0,0,0.69270955171979,0,0,0,0,0,0,0,0.244288409634799,0,0,0,0,0,0,0,0,0,0,0,0,0,0.378080997557741,0,0,0,0,0,0,0,0.163497470727047,0,0,0,0,0,0.1944659451474,0,0,0,0,0,0,0,0,0,0,0,0,0,0,0.621379530399614,0.6962403844586,0.735886829668927,0,0,0,0,0.300779101911775,0,0,0,0,0.310624834149731,2.98174936240638,0,0.426949049729039,0,0.116277182462933,0.966881673378358,0.480092935476772,0,0
"74","g__Myoviridae noname",0,0,0,0,0,0,0,0,0.275711261366455,0,0,0,0,0,0,0,0,0,0,0,0,0,0,0,0,0,0,0,0,0,0,0,0,0,0,0,0,0,0,0,0,0,0,0,0,0.37293156494576,0,0,0,0,0,0,0,2.03562958304571,0,0,0,0,0,0,0,0,0,0,0,1.50103853157515,0,0.449860993946739,0,0,0,0,0,0,0,0,0.76245419597649,0,0,0,0,0,0,0,0,0,0,0,0,0,0,0,0,0,0,0
"75","g__Aeromonas",0,0,0,0,0,0,0,0,0,0,0,0,0,0,0,0,0,0,0,0,0,0,0,0,0,0,0,0,0,0,0,0,0,0,0,0,0,0,0,0,0,0,0,0,0,0,0,0,0,0,0,0,0,0,0,0,0,0,0,0,0,0,0,0,0,0,0,0,0,0,0,0,0,0,0,0,0,0,0,0,0,0,0,0,0,0,0,0,0,0,0,0.153033434176116,0,0,0,0
"76","g__Slackia",0,0,0,0,0,0,0,0,0,0,0,0,0,0,0,0,0,0,0,0,0,0,0,0,0,0,0,0,0,0,0,0,0,0,0,0,0,0,0,0,0,0,0,0,0,0,0,0,0,0,0,0,0,0,0,0,0,0,0.197799920586578,0,0,0,0,0,0,0,0.186126064700353,0,0.296380663174065,0,0,0.214090761379739,0,0,0,0,0,0,0,0,0.143651828146398,0,0,0,0,0,0,0,0,0,0.487943148961072,0,0,0,0,0
"77","g__Dialister",0,0,0,0,0,0,0,0,0,0,0,0,0,0,0,0,0,0,0,0,0,0,0,0,0,0,0,0,0,0,0,0,0,0,0,0,0,0,0,0,0,0,0,0,0,0,0,0,0,0,0,0,0,0,0,0,0,0,0,0,0,0,0,0,0,0,0,0,0,0,0,0,0,0,0.169736170623956,0.250593394125826,0,0,0,0,0,0,0,0,0,0,1.70528832911786,0.624401683630526,0,0,0,0,1.69020794260285,0,0,0
"78","g__Megamonas",0,0,0,0,0,0,0,0,0,0,0,6.3871979715226,0,0,0,0,0,0.712556704593827,0,0.182861901751726,5.21790931247382,2.36295617307033,0,0,9.97746419062303,3.9008953290516,0,8.92209080709422,0,0,0,0,0,0,0,2.11813041434586,4.98691614325379,0,5.93598260955995,0.992181515209732,0,0,0,0,0,0,0,0,0.191045811260385,0,4.23994395044205,0.27909171402263,1.51035626633667,0,0,5.13400709997706,0.559684830957882,0,0.137179601463611,1.56402750799322,0.117428629572217,0,0.258897687514046,1.15353925351333,0,0,0,0,0.111837782924098,0.346516658064335,0,0.134819100039048,6.53103445299382,0,0,0.292806861409584,0,0,0,0,0,0,0,0.979733396139717,0,11.5565113540963,0,0.11451746459076,0.947891578609848,0.232947949013574,0.107664810055763,0,0,0.264747527632929,0,0.130571195185939
"79","g__Lambdalikevirus",0,0,0,0,0,0,0,0,0,0,0,0,0,1.07474016767247,0,0,0,0,0,0,0,0,0,0,0,0,0,0,0,0,0,0,0,0.7224548210764,0,0,0,0,0,0,0,0,0,0,0,0,0,0,0,0,0,0,0,0,0,0,0,0,0,0,0,0,0,0,0,0,0,0,0,0,0,0,0,0,0,0,0,0,0,0,0,0,0,0,0,0,0,0,0,0,0,0,0,0,0,0
"80","g__Arcobacter",0,0,0,0,0,0,0,0,0,0,0,0,0,0,0,0,0,0.119445167513243,0,0,0,0,0,0,0,0,0,0,0,0,0,0,0,0,0,0,0,0,0,0,0,0,0,0,0,0,0,0,0,0,0,0,0,0,0,0,0,0,0,0,0,0,0,0,0,0,0,0,0,0,0,0,0,0,0,0,0,0,0,0,0,0,0,0,0,0,0,0,0,0,0,0,0,0,0,0
"81","g__Corynebacterium",0,0,0,0,0,0,0,0,0,0,0,0,0,0,0,0,0,0,0,0,0,0,0,0,0,0,0,0,0,0,0,0,0,0,0,0,0,0,0,0,0,0,0,0.124568568868364,0,0,0,0,0.109891477149356,0,0,0,0,0,0,0,0,0,0,0,0,0,0,0,0,0,0,0,0,0,0,0,0,0,0,0,0,0,0,0,0,0,0,0,0,0,0,0,0,0,0,0,0,0,0,0
"82","g__Coprobacter",0,0,0,0,0,0,0,0,0,0,0,0,0,0,0,0,0,0,0,0,0,0,0,0,0,0,0,0,0,0,0,0,0,0,0,0,0,0,0,0,0.255629759110142,0,0,0,0,0,0,0,0,0,0,0,0,0,0,0,0,0.277675945146066,0,0,0,0,0,0,0,0,0,0,0,0,0.658092140355643,0,0,0,0,0,0,0,0,0,0,0,0,0,0,0,0.582986991294284,0,0,0,0,0,0.152409396695879,0,0,0
"83","g__Podoviridae noname",0,0,0,0,0,0,0,0,0,0,0,0,0,0,0,0,0,0,0,0,0,0,0.133890049776873,0,0,0,0,0,0,0,0,0,0,0,0,0,0,0,0,0,0,0,0,0,0,0,0,0,0,0,0,0,0,0,0,0,0,0,0,0,0,0,0,0,0,0,0,0,0,0,0.208949166450208,0,0,0,0,0,0,0,0,0,0,0,0,0,0,0,0,0,0,0,0,0,0,0,0,0
"84","g__Lactococcus",0,0,0,0,0,0,0,0,0,0,0,0,0,0,0,0,0,0,0,0,0,0,0,0.137606592699302,0,0,0,0,0,0,0,0,0,0,0,0,0.195416405232337,0,0.160148102035236,0,0,0,0,0,0,0.816506908537126,0,0,0,0,0,0,0,0,0,0,0,0.611156843525287,0,0,0,0,0,0,0,0,0,0,0,0,0,0,0,0,0,0,0,0,0,0,0,0,0,0,0,0,0,0,0,0,0,0,0.636735048460216,0,0,0
"85","g__Debaryomycetaceae unclassified",0,0,0,0,0,0,0,0,0,0,0,0,0,0,0,0,0,0,0,0,0,0,0,0,0,0,0,0,0,0,0,0,0,0,0,0.206763624324976,0,0,0,0,0,0,0,0,0,0,0,0,0,0,0,0,0,0,0,0,0,0,0,0,0,0,0,0,0,0,0,0,0,0,0,0,0,0,0,0,0,0,0,0,0,0,0,0,0,0,0,0,0,0,0,0,0,0,0,0
"86","g__C2likevirus",0,0,0,0,0,0,0,0,0,0,0,0,0,0,0,0,0,0,0,0,0,0,0,0,0,0,0,0,0,0,0,0,0,0,0,0,0.104761278013243,0,0,0,0,0,0,0,0,0,0,0,0,0,0,0,0,0,0,0,0,0,0,0,0,0,0,0,0,0,0,0,0,0,0,0,0,0,0,0,0,0,0,0,0,0,0,0,0,0,0,0,0,0,0,0,0,0,0,0
"87","g__Viruses noname",0,0,0,0,0,0,0,0,0,0,0,0,0,0,0,0,0,0,0,0,0,0,0,0,0,0,0,0,0,0,0,0,0,0,0,0,0,0,0.493200622041425,0,0,0,0,0,0,0,0,0,0,0,0,0,0,0,0,0,0,0,0,0,0,0,0,0,0,0,0,0,0,0,0,0,0,0,0,0,0,0,0,0,0,0,0,0,0,0,0,0,0,0,0,0,8.6681311026475,0,0,0
"88","g__Porphyromonas",0,0,0,0,0,0,0,0,0,0,0,0,0,0,0,0,0,0,0,0,0,0,0,0,0,0,0,0,0,0,0,0,0,0,0,0,0,0,0,0,0,0,0,0,0,0,0,0,0,0,0,0,0,0,0,0,0,0,0,0,0,0,0,0,0,0,0.652526041075501,0,0,0,0,0,0,0,0,0,0,0,0,0,0,0,0,0,0,0,0,0,0,0,0,0,0,0,0,0
"89","g__Parvimonas",0,0,0,0,0,0,0,0,0,0,0,0,0,0,0,0,0,0,0,0,0,0,0,0,0,0,0,0,0,0,0,0,0,0,0,0,0,0,0,0,0,0,0,0,0,0,0,0,0,0,0,0,0,0,0,0,0,0,0,0,0,0,0,0,0,0,1.68886552296402,0,0,0,0,0,0,0,0,0,0,0,0,0,0,0,0,0,0,0,0,0,0,0,0,0,0,0,0,0
"90","g__Brevibacterium",0,0,0,0,0,0,0,0,0,0,0,0,0,0,0,0,0,0,0,0,0,0,0,0,0,0,0,0,0,0,0,0,0,0,0,0,0,0,0,0,0,0,0,0.103032235262103,0,0,0,0,0,0,0,0,0,0,0,0,0,0,0,0,0,0,0,0,0,0,0,0,0,0,0,0,0,0,0,0,0,0,0,0,0,0,0,0,0,0,0,0,0,0,0,0,0,0,0,0
"91","g__Gardnerella",0,0,0,0,0,0,0,0,0,0,0,0,0,0,0,0,0,0,0,0,0,0,0,0,0,0,0,0,0,0,0,0,0,0,0,0,0,0,0,0,0,0,0,0,0,0,0,0,0,0,0,0,0,0,0,0,0,0,0,0,0,0,0,0,0,0,0,0,0,0,0,0,0,0,0.198181549155849,0,0,0,0,0,0,0,0,0,0,0,0,0,0,0,0.330309407462724,0,0,0,0,0
"92","g__Mogibacterium",0,0,0,0,0,0,0,0,0,0,0,0,0,0,0,0,0,0,0,0,0,0,0,0,0,0,0,0,0,0,0,0,0,0,0,0,0,0,0,0,0,0,0,0,0,0,0,0,0,0,0,0,0,0,0,0,0,0,0,0,0,0,0,0,0,0,1.57315196304237,0,0,0,0,0,0,0,0,0,0,0,0,0,0,0,0,0,0,0,0,0,0,0,0,0,0,0,0,0
"93","g__Fretibacterium",0,0,0,0,0,0,0,0,0,0,0,0,0,0,0,0,0,0,0,0,0,0,0,0,0,0,0,0,0,0,0,0,0,0,0,0,0,0,0,0,0,0,0,0,0,0,0,0,0,0,0,0,0,0,0,0,0,0,0,0,0,0,0,0,0,0,0.82999367794144,0,0,0,0,0,0,0,0,0,0,0,0,0,0,0,0,0,0,0,0,0,0,0,0,0,0,0,0,0
"94","g__Alloprevotella",0,0,0,0,0,0,0,0,0,0,0,0,0,0,0,0,0,0,0,0,0,0,0,0,0,0,0,0,0,0,0,0,0,0,0,0,0,0,0,0,0,0,0,0,0,0,0,0,0,0,0,0,0,0,0,0,0,0,0,0,0,0,0,0,0,0,0.676813835163221,0,0,0,0,0,0,0,0,0,0,0,0,0,0,0,0,0,0,0,0,0,0,0,0,0,0,0,0,0
"95","g__Tannerella",0,0,0,0,0,0,0,0,0,0,0,0,0,0,0,0,0,0,0,0,0,0,0,0,0,0,0,0,0,0,0,0,0,0,0,0,0,0,0,0,0,0,0,0,0,0,0,0,0,0,0,0,0,0,0,0,0,0,0,0,0,0,0,0,0,0,0.617972686376677,0,0,0,0,0,0,0,0,0,0,0,0,0,0,0,0,0,0,0,0,0,0,0,0,0,0,0,0,0
"96","g__Anaeroglobus",0,0,0,0,0,0,0,0,0,0,0,0,0,0,0,0,0,0,0,0,0,0,0,0,0,0,0,0,0,0,0,0,0,0,0,0,0,0,0,0,0,0,0,0,0,0,0,0,0,0,0,0,0,0,0,0,0,0,0,0,0,0,0,0,0,0,0.494675468665029,0,0,0,0,0,0,0,0,0,0,0,0,0,0,0,0,0,0,0,0,0,0,0,0,0,0,0,0,0
"97","g__Lysinibacillus",0,0,0,0,0,0,0,0,0,0,0,0,0,0,0,0,0,0,0,0,0,0,0,0,0,0,0,0,0,0,0,0,0,0,0,0,0,0,0,0,0,0,0,0,0,0,0,0,0,0,0,0,0,0,0,0,0,0,0,0,0,0,0,0,0,0,0,0.425084556619731,0,0,0,0,0,0,0,0,0,0,0,0,0,0,0,0,0,0,0,0,0,0,0,0,0,0,0,0
